PracNo,PracticeName,Address1,Address2,Address3,Postcode,LCG,Registered_Patients
1,Dr. HOEY & PARTNERS                 ,HARLAND MEDICAL PRACTICE,HOLYWOOD ARCHES HEALTH CENTRE,WESTMINSTER AVENUE,BT4 1NS,Belfast,6719
3,Dr. MCCUTCHEON & PARTNERS           ,GREENWAY PRACTICE,HOLYWOOD ARCHES HC 2ND FLOOR,WESTMINSTER AVENUE,BT4 1NS,Belfast,7088
6,Dr. MCIVOR & PARTNERS               ,CARRYDUFF SURGERY,HILLSBOROUGH ROAD,CARRYDUFF,BT8 8HR,Belfast,11514
10,Dr. WILSON & PARTNERS               ,TEMPLEMORE MEDICAL CENTRE,225 ALBERTBRIDGE ROAD,BELFAST,BT5 4PX,Belfast,5560
14,Dr. COULTER & PARTNERS              ,KERRSLAND SURGERY,169 UPPER NEWTOWNARDS ROAD,BELFAST,BT4 3HZ,Belfast,8596
15,Dr. FINNEY & PARTNERS               ,HOLYWOOD ROAD SURGERY,54 HOLYWOOD ROAD,BELFAST,BT4 1NT,Belfast,5580
16,Dr. MCCANN & PARTNERS               ,KNOCK MEDICAL CENTRE,423B UPPER NEWTOWNARDS ROAD,BELFAST,BT4 3LH,Belfast,6288
17,Dr. LARGE & PARTNERS                ,"Drs SCOTT, MERCER AND LARGE",HOLYWOOD ARCHES HEALTH CENTRE,WESTMINSTER AVENUE,BT4 1NS,Belfast,5431
18,Dr. MCCONVILLE & PARTNERS           ,BRIDGES FAMILY PRACTICE,2-6 BRYSON STREET,BELFAST,BT5 4ES,Belfast,7880
19,Dr. MITCHELL & PARTNERS             ,LINEN COURT SURGERY,336 BEERSBRIDGE ROAD,BELFAST,BT5 5DY,Belfast,4410
20,Dr. LUA & PARTNERS                  ,LEWIS SQUARE PRACTICE,HOLYWOOD ARCHES HEALTH CENTRE,WESTMINSTER AVENUE,BT4 1NS,Belfast,4148
24,Dr. MCCLOSKEY & PARTNERS            ,THE MOUNT GROUP PRACTICE,50 CASTLEREAGH STREET,BELFAST,BT5 4NH,Belfast,4059
28,Dr. GALLAGHER & PARTNERS            ,THE VICTORIA PRACTICE,HOLYWOOD ARCHES HEALTH CENTRE,WESTMINSTER AVENUE,BT4 1NS,Belfast,3397
29,Dr. SAVAGE & PARTNERS               ,CASTLEREAGH MEDICAL CENTRE,21 BALLYGOWAN ROAD,BELFAST,BT5 7LH,Belfast,5212
30,Dr. THOMPSON & PARTNERS             ,EASTSIDE SURGERY,56 TEMPLEMORE AVENUE,BELFAST,BT5 4FT,Belfast,2700
31,Dr. COOKE & PARTNERS                ,DUNDONALD MEDICAL CENTRE,16 CHURCH ROAD,"DUNDONALD, BELFAST",BT16 2LN,Belfast,7324
32,Dr. KELLY & PARTNERS                ,WILLOWFIELD SURGERY,50/52 CASTLEREAGH ROAD,BELFAST,BT5 5FP,Belfast,4100
33,Dr. RODGERS & PARTNERS              ,WOODSTOCK MEDICAL CENTRE,222 WOODSTOCK ROAD,BELFAST,BT6 9DL,Belfast,5303
37,Dr. MONCRIEFF & PARTNERS            ,CHERRYVALLEY GROUP PRACTICE,CHERRYVALLEY HEALTH CENTRE,KINGS SQUARE,BT5 7BP,Belfast,6763
38,Dr. ABERNETHY                       ,CHERRYVALLEY FAMILY PRACTICE,CHERRYVALLEY HEALTH CENTRE,KINGS SQUARE,BT5 7BP,Belfast,2028
52,Dr. SAVAGE & PARTNER                ,ALBERTVILLE SURGERY,16 MCCANDLESS STREET,CRUMLIN ROAD,BT13 1RU,Belfast,2820
53,Dr. COLGAN                          ,DR COLGAN,FALLS ROAD SURGERY,463 FALLS ROAD,BT12 6DD,Belfast,3361
55,Dr. O'KANE                          ,O'KANE PRACTICE,CRUMLIN ROAD HEALTH CENTRE,94-100 CRUMLIN ROAD,BT14 6AR,Belfast,1173
57,Dr. CAMPBELL & PARTNER              ,MCHUGH - CAMPBELL PRACTICE,MAUREEN SHEEHAN CENTRE BUILD 2,106 ALBERT STREET,BT12 4HL,Belfast,5203
58,Dr. FARNAN & PARTNERS               ,THE GROUP SURGERY,257 NORTH QUEEN STREET,BELFAST,BT15 1HS,Belfast,5961
60,Dr. BURNS & PARTNERS                ,DUNCAIRN MEDICAL PRACTICE,165 DUNCAIRN GARDENS,BELFAST,BT15 2GE,Belfast,4110
61,Dr. CROSSIN & PARTNERS              ,CROSSIN HIGGINS & MCMULLAN,CARRICK HILL MEDICAL CENTRE,1 CARRICK HILL,BT1 2JR,Belfast,9180
62,Dr. GARDINER & PARTNER              ,GARDINER FAMILY PRACTICE,CRUMLIN ROAD HEALTH CENTRE,100 CRUMLIN ROAD,BT14 6AR,Belfast,1313
63,Dr. COYLE & PARTNER                 ,WILLOW MEDICAL PRACTICE,155A ANDERSONSTOWN ROAD,BELFAST,BT11 9EA,Belfast,3104
64,Dr. DONAGHY & PARTNERS              ,DUNVILLE HEALTH CENTRE,309 GROSVENOR ROAD,BELFAST,BT12 4LP,Belfast,4264
66,Dr. DURKAN & PARTNERS               ,PARKSIDE SURGERY,GROVE WELLBEING CENTRE,120 YORK ROAD,BT15 3HF,Belfast,7033
68,Dr. CARDWELL & PARTNERS             ,SHANKILL SURGERY,136-138 SHANKILL ROAD,BELFAST,BT13 2BD,Belfast,2575
70,Dr. CHAMBERS & PARTNERS             ,BALLYSILLAN GROUP PRACTICE,156-158 BALLYSILLAN ROAD,BELFAST,BT14 7QR,Belfast,5661
71,Dr. LEAVY & PARTNERS                ,SPRINGVALE MEDICAL PRACTICE,463 SPRINGFIELD ROAD,BELFAST,BT12 7DP,Belfast,6575
72,Dr. AGAHI & PARTNERS                ,MOUNTAINVIEW SURGERY,585 CRUMLIN ROAD,BELFAST,BT14 7GB,Belfast,2119
73,Dr. CLULOW & PARTNER                ,CRUMLIN ROAD FAMILY PRACTICE,CRUMLIN ROAD HEALTH CENTRE,94-100 CRUMLIN ROAD,BT14 6AR,Belfast,2124
74,Dr. BEATTIE & PARTNER               ,NORTHGATE FAMILY PRACTICE,36 DUNCAIRN GARDENS,BELFAST,BT15 2GH,Belfast,2701
75,Dr. MCCLOSKEY & PARTNERS            ,GROSVENOR ROAD SURGERY,216 GROSVENOR ROAD,BELFAST,BT12 5LT,Belfast,9791
79,Dr. LOGAN & PARTNERS                ,SPRINGFIELD ROAD SURGERY,70 SPRINGFIELD ROAD,BELFAST,BT12 7AH,Belfast,9047
80,Dr. CONWAY & PARTNERS               ,EDEN PARK MEDICAL PRACTICE,EVERTON COMPLEX,585-587 CRUMLIN ROAD,BT14 7GB,Belfast,7711
81,Dr. MCHUGH & PARTNERS               ,SPRINGFIELD MEDICAL CENTRE,44-46 SPRINGFIELD ROAD,BELFAST,BT12 7AH,Belfast,7025
83,Dr. BRANNICK & PARTNERS             ,GROVE MEDICAL PRACTICE,GROVE WELL BEING CENTRE,120 YORK ROAD,BT15 3HF,Belfast,5355
84,Dr. SALTERS & PARTNERS              ,Dr. SALTERS & PARTNERS,FALLS ROAD SURGERY,186 FALLS ROAD,BT12 6AG,Belfast,3729
85,Dr. MCMAHON & PARTNERS              ,ANTRIM ROAD MEDICAL CENTRE,515 ANTRIM ROAD,BELFAST,BT15 3BS,Belfast,5737
86,Dr. HARKIN & PARTNERS               ,SALISBURY MEDICAL CENTRE,474 ANTRIM ROAD,BELFAST,BT15 5GF,Belfast,11090
92,Dr. MCFERRAN & PARTNERS             ,Drs McFERRAN & PARTNERS,BALLYOWEN HEALTH CENTRE,179 ANDERSONSTOWN ROAD,BT11 9EA,Belfast,5108
93,Dr. CLARKE & PARTNERS               ,CLIFTONVILLE MEDICAL PRACTICE,61 CLIFTONVILLE ROAD,BELFAST,BT14 6JN,Belfast,5679
94,Dr. CUMMINGS                        ,FALLS FAMILY DOCTORS,115 FALLS ROAD,BELFAST,BT12 6AA,Belfast,7098
96,Dr. MAGENIS & PARTNERS              ,MALVERN FAMILY PRACTICE,CORNERSTONE MEDICAL CENTRE,69 SHANKILL ROAD,BT13 1FD,Belfast,5160
98,Dr. GILMORE & PARTNERS              ,LIGONIEL HEALTH CENTRE,74A LIGONIEL ROAD,BELFAST,BT14 8BY,Belfast,4031
101,Dr. KELLY & PARTNER                 ,Vere Foster Medical Group,132-136 Sandy Row,BELFAST,BT12 5EY,Belfast,4155
103,Dr. MAGUIRE & PARTNERS              ,CLIFTON STREET SURGERY,15/17 CLIFTON STREET,BELFAST,BT13 1AD,Belfast,8889
104,Dr. HUTCHINSON & PARTNERS           ,BALLYGOMARTIN GROUP PRACTICE,17 BALLYGOMARTIN ROAD,BELFAST,BT13 3BW,Belfast,7978
105,Dr. DOGGART & PARTNERS              ,CHURCH VIEW MEDICAL PRACTICE,CORNERSTONE MEDICAL CENTRE,69 SHANKILL ROAD,BT13 1FD,Belfast,5175
111,Dr. MCKENNA                         ,DR MCKENNA'S PRACTICE,2 THAMES STREET,BELFAST,BT12 6AP,Belfast,3085
113,Dr. DUGAN & PARTNER                 ,DR DUGAN'S SURGERY,173 ANDERSTOWNSTOWN ROAD,BELFAST,BT11 9EA,Belfast,4383
114,Dr. THOMPSON & PARTNERS             ,HILLHEAD FAMILY PRACTICE,33 STEWARTSTOWN ROAD,BELFAST,BT11 9FZ,Belfast,7343
116,Dr. DORAN & PARTNERS                ,CROCUS STREET SURGERY,1 CROCUS STREET,BELFAST,BT12 7AP,Belfast,4416
132,Dr. MCGLADE & PARTNERS              ,DUNLUCE FAMILY PRACTICE,1 DUNLUCE AVENUE,BELFAST,BT9 7HR,Belfast,6056
136,Dr. HAIGNEY & PARTNERS              ,MOUNT ORIEL MEDICAL PRACTICE,KNOCKBREDA WTC,110 SAINTFIELD ROAD,BT8 6GR,Belfast,8304
140,Dr. LOGAN & PARTNERS                ,ELMWOOD MEDICAL PRACTICE,DUNLUCE HEALTH CENTRE,1 DUNLUCE AVENUE,BT9 7HR,Belfast,8938
143,Dr. SHERWOOD & PARTNERS             ,THE ROWAN TREE FAMILY PRACTICE,DUNLUCE HEALTH CENTRE,1 DUNLUCE AVENUE,BT9 7HR,Belfast,6087
145,Dr. KILLINER & PARTNERS             ,KENSINGTON GROUP PRACTICE,KENSINGTON MEDICAL CENTRE,15A DONEGALL ROAD,BT12 5JJ,Belfast,9176
146,Dr. HUGHES                          ,BALMORAL SURGERY,436 LISBURN ROAD,BELFAST,BT9 6GR,Belfast,4240
147,Dr. GRACEY & PARTNERS               ,ORMEAU PARK SURGERY,281 ORMEAU ROAD,BELFAST,BT7 3GG,Belfast,7249
148,Dr. TONER & PARTNERS                ,SOUTH EAST FAMILY PRACTICE,370/372 CREGAGH ROAD,BELFAST,BT6 9EY,Belfast,8904
151,Dr. ROWNEY & PARTNERS               ,THE IRWIN PRACTICE,FINAGHY HEALTH CENTRE,13/25 FINAGHY ROAD SOUTH,BT10 0BX,Belfast,13348
153,Dr. DIAMOND & PARTNERS              ,ORMEAU ROAD HEALTH CENTRE,120 ORMEAU ROAD,BELFAST,BT7 2EB,Belfast,9606
154,Dr. MCCAULEY & PARTNERS             ,UNIVERSITY STREET SURGERY,142 - 144 UNIVERSITY STREET,BELFAST,BT7 1HH,Belfast,5267
156,Dr. COLTON & PARTNERS               ,Dr. CHAKRAVARTY & PARTNERS,BALLYOWEN HEALTH CENTRE,179 ANDERSONSTOWN ROAD,BT11 9EA,Belfast,9228
157,Dr. MCCARTNEY & PARTNERS            ,UNIVERSITY HEALTH CENTRE QUB,ELMWOOD MANSE,"7 UNIVERSITY TERRACE, BELFAST",BT7 1NP,Belfast,11362
159,Dr. BELL & PARTNERS                 ,ARDMORE MEDICAL CENTRE,485 ORMEAU ROAD,BELFAST,BT7 3GR,Belfast,5889
164,Dr. MURDOCK & PARTNER               ,CREGAGH SURGERY,36 MONTGOMERY ROAD,BELFAST,BT6 9HL,Belfast,3758
165,Dr. MCCORMACK & PARTNERS            ,NORTH PARADE MEDICAL CENTRE,6 NORTH PARADE,BELFAST,BT7 2GG,Belfast,9182
166,Dr. CULLEN                          ,BOTANIC MEDICAL CENTRE,51 BOTANIC AVENUE,BELFAST,BT7 1JL,Belfast,4105
191,Dr. SANDS & PARTNERS                ,THE MONTALTO MEDICAL CENTRE,2 DROMORE ROAD,BALLYNAHINCH,BT24 8AY,South Eastern,9811
192,Dr. MCGILL & PARTNERS               ,KILLYLEAGH SURGERY,14 DOWNPATRICK ROAD,KILLYLEAGH,BT30 9RG,South Eastern,4878
193,Dr. GREER & PARTNERS                ,DUNDRUM AND CLOUGH SURGERY,1 CASTLEWELLAN ROAD,CLOUGH,BT30 8RD,South Eastern,11109
194,Dr. HYLAND & PARTNER                ,DR HYLAND & PARTNER,CAUSEWAY SURGERY,CAUSEWAY PLACE,BT33 0DN,South Eastern,2211
195,Dr. GILPIN & PARTNER                ,DR GILPIN'S SURGERY,CAUSEWAY SURGERY,2 CAUSEWAY PLACE,BT33 0DN,South Eastern,1863
196,Dr. MURPHY & PARTNERS               ,ARDGLASS SURGERY,THE HEALTH CENTRE,DOWNPATRICK ROAD,BT30 7SF,South Eastern,3363
198,Dr. ROSS & PARTNERS                 ,SAINTFIELD HEALTH CENTRE,FAIRVIEW,SAINTFIELD,BT24 7AD,South Eastern,9644
201,Dr. LEGGETT & PARTNERS              ,DONARD FAMILY PRACTICE,56 MAIN STREET,"NEWCASTLE, CO DOWN",BT33 0AE,South Eastern,12085
202,Dr. SMALL & PARTNERS                ,STRUELL SURGERY,2 Struell Wells Road,DOWNPATRICK,BT30 6RL,South Eastern,4127
204,Dr. BOYLE & PARTNERS                ,THE GREEN SURGERY,12 THE GREEN,IRISH STREET,BT30 6BE,South Eastern,5162
205,Dr. TRAINOR & PARTNERS              ,CROSSGAR SURGERY,JAMES STREET,"CROSSGAR, DOWNPATRICK",BT30 9JU,South Eastern,4480
206,Dr. SHEVLIN & PARTNERS              ,DOWN HC,GP & PRIMARY CARE CENTRE,"1ST FLOOR, DOWN HOSPITAL",BT30 6RL,South Eastern,5235
207,Dr. CREANEY & PARTNER               ,STREAM STREET SURGERY,40 STREAM STREET,DOWNPATRICK,BT30 6DE,South Eastern,5149
221,Dr. HALL & PARTNERS                 ,HILLSBOROUGH MEDICAL PRACTICE,HEALTH CENTRE,BALLYNAHINCH ST,BT26 6AW,South Eastern,10645
222,Dr. DEVLIN & PARTNERS               ,WOODBROOKE MEDICAL PRACTICE,STEWARTSTOWN ROAD,DUNMURRY BELFAST,BT17 0FB,South Eastern,9505
223,Dr. CUPPLES & PARTNERS              ,LISBURN CITY PRACTICE,LISBURN PCCC,LAGAN VALLEY HOSPITAL,BT28 1JP,South Eastern,5798
224,Dr. CAIRNS & PARTNERS               ,DR CAIRNS & PARTNERS,LISBURN PCCC,LAGAN VALLEY HOSPITAL,BT28 1JP,South Eastern,7603
226,Dr. UREY & PARTNERS                 ,DROMARA SURGERY,BEGNEY HILL ROAD,DROMARA,BT25 2AT,South Eastern,8503
227,Dr. O'KANE & PARTNERS               ,LINENHALL MEDICAL PRACTICE,LISBURN PCCC,LAGAN VALLEY HOSPITAL,BT28 1JP,South Eastern,12552
228,Dr. ADAMS & PARTNERS                ,LAGANVIEW MEDICAL PRACTICE,LEVEL 2 LISBURN PCCC,LAGAN VALLEY HOSPITAL & LPCCC,BT28 1JP,South Eastern,4396
229,Dr. RUDDELL & PARTNERS              ,DR RUDDELL & PARTNERS,LISBURN PCCC,LAGAN VALLEY HOSPITAL,BT28 1JP,South Eastern,9139
230,Dr. RYAN & PARTNERS                 ,DR RYAN & PARTNERS,LISBURN PCCC,LAGAN VALLEY HOSPITAL,BT28 1JP,South Eastern,5167
231,Dr. PALMER & PARTNERS               ,DR PALMER & PARTNERS,"LEVEL 2, LISBURN PCCC",LAGAN VALLEY HOSPITAL,BT28 1JP,South Eastern,9660
232,Dr. DICK & PARTNERS                 ,THE HILL MEDICAL GROUP PRAC,192 KINGSWAY,DUNMURRY,BT17 9AL,South Eastern,8280
233,Dr. CHEUNG & PARTNERS               ,GLENAVY FAMILY PRACTICE,47 MAIN STREET,"GLENAVY, CRUMLIN",BT29 4LN,South Eastern,4515
252,Dr. GLENFIELD & PARTNERS            ,PRIORY SURGERY,26 HIGH STREET,HOLYWOOD,BT18 9AD,South Eastern,13661
253,Dr. HAYES & PARTNERS                ,REDWOOD SURGERY,THE HEALTH CENTRE,NEWTOWNARDS ROAD,BT20 4LD,South Eastern,8277
254,Dr. MARSHALL & PARTNER              ,LISBANE MEDICAL CENTRE,24 LISBARNETT ROAD,LISBANE,BT23 6AW,South Eastern,4399
255,Dr. KENNY & PARTNERS                ,"DR KENNY, MOYNIHAN & SCOTT",BANGOR HEALTH CENTRE,NEWTOWNARDS ROAD,BT20 4LD,South Eastern,5330
256,Dr. CRAIG & PARTNERS                ,ASHLEY MEDICAL CENTRE,140 GROOMSPORT ROAD,BANGOR,BT20 5PE,South Eastern,5858
257,Dr. GOLDRING & PARTNERS             ,BROOK STREET SURGERY,BROOK STREET,HOLYWOOD,BT18 9DA,South Eastern,9235
258,Dr. MANSON & PARTNERS               ,CASTLE PARK PRACTICE,BANGOR HEALTH CENTRE,NEWTOWNARDS ROAD,BT20 4LD,South Eastern,4910
259,Dr. DOYLE & PARTNERS                ,PORTAFERRY SURGERY,44 HIGH STREET,"PORTAFERRY, NEWTOWNARDS",BT22 1QT,South Eastern,6384
260,Dr. DORAN & PARTNERS                ,CHURCH VIEW FAMILY PRACTICE,THE HEALTH CENTRE,NEWTOWNARDS ROAD,BT20 4LD,South Eastern,7504
261,Dr. NEOH & PARTNERS                 ,KILLYNETHER PRACTICE,2A FREDERICK STREET,NEWTOWNARDS,BT23 4LR,South Eastern,6042
264,Dr. KINNEAR                         ,SILVERBIRCH MEDICAL PRACTICE,39A SILVERBIRCH ROAD,BANGOR,BT19 6EU,South Eastern,2767
265,Dr. HYLAND & PARTNERS               ,THE SURGERY NEWTOWNARDS,1 CHURCH STREET,NEWTOWNARDS,BT23 4FH,South Eastern,7074
271,Dr. GREER & PARTNERS                ,OLD MILL SURGERY,CHURCH STREET,NEWTOWNARDS,BT23 4AS,South Eastern,11329
272,Dr. MCKEOWN & PARTNERS              ,THE SQUARE SURGERY,16 A THE SQUARE,COMBER,BT23 5DT,South Eastern,7071
273,Dr. WHITESIDE & PARTNERS            ,COMBER FAMILY PRACTICE,COMBER HEALTH CENTRE,5 NEWTOWNARDS ROAD,BT23 5BA,South Eastern,7775
274,Dr. MCNUTT & PARTNERS               ,BLOOMFIELD SURGERY,95 BLOOMFIELD ROAD,BANGOR,BT20 4XA,South Eastern,10327
275,Dr. WEBB & PARTNERS                 ,DR WEBB & PARTNERS,REGENCY MEDICAL CENTRE,2A FREDERICK STREET,BT23 4LR,South Eastern,5054
276,Dr. HISCOCKS & PARTNERS             ,DONAGHADEE HEALTH CENTRE,3 KILLAUGHEY ROAD,DONAGHADEE,BT21 0BU,South Eastern,9673
278,Dr. YOUNGS & PARTNERS               ,"THE SURGERY, NEWTOWNARDS",1 CHURCH STREET,NEWTOWNARDS,BT23 4FH,South Eastern,4351
280,Dr. SIMPSON & PARTNERS              ,ABBEY FAMILY PRACTICE,BANGOR HEALTH CENTRE,NEWTOWNARDS ROAD,BT20 4LD,South Eastern,5419
281,Dr. ABRAHAM & PARTNERS              ,CLELAND PARK SURGERY,2 CLELAND PARK,BANGOR,BT20 3EB,South Eastern,6397
282,Dr. HUGHES & PARTNERS               ,THE HEALTH CENTRE,FOWLER WAY,"BALLYWALTER, NEWTOWNARDS",BT22 2PY,South Eastern,6581
283,Dr. FERRIS & PARTNERS               ,LOUGH VIEW SURGERY,2 MAIN STREET,"KIRCUBBIN, NEWTOWNARDS",BT22 2SP,South Eastern,5754
285,Dr. GRIMSHAW & PARTNERS             ,GREEN ROAD MEDICAL CENTRE,5 GREEN ROAD,"CONLIG, NEWTOWNARDS",BT23 7PZ,South Eastern,4811
302,Dr. HUEY & PARTNERS                 ,TEMPLEPATRICK SURGERY,80 CASTLETON,TEMPLEPATRICK,BT39 0AZ,Northern,9927
303,Dr. BYRNE & PARTNERS                ,CRUMLIN MEDICAL PRACTICE,1 GLENAVY ROAD,CRUMLIN,BT29 4LA,Northern,8481
304,Dr. BUTLER & PARTNERS               ,MAINE MEDICAL AHOGHILL,THE OLD MEETING HOUSE,2 STRAID RD,BT42 2PB,Northern,5345
305,Dr. DICK & PARTNERS                 ,BERNAGHMORE MEDICAL PRACTICE,BALLYMENA HEALTH & CARE CENTRE,86 CUSHENDALL ROAD,BT43 6HB,Northern,3793
307,Dr. FIELD & PARTNERS                ,ANTRIM CASTLE SURGERY,ANTRIM HEALTH CENTRE,32A STATION ROAD,BT41 4BS,Northern,8058
308,Dr. THOMPSON & PARTNERS             ,ORIEL SURGERY,31 ORIEL ROAD,ANTRIM,BT41 4HR,Northern,7111
310,Dr. MCKELVEY & PARTNER              ,CULLYBACKEY MEDICAL PRACTICE,CULLYBACKEY HEALTH CENTRE,TOBER PARK,BT42 1NW,Northern,7311
311,Dr. JOHNSTON & PARTNERS             ,GALGORM SURGERY,77 GALGORM ROAD,BALLYMENA,BT42 1AA,Northern,2509
312,Dr. HALL & PARTNER                  ,SLEMISH VIEW MEDICAL PRACTICE,BALLYMENA HEALTH & CARE CENTRE,86 CUSHENDALL ROAD,BT43 6HB,Northern,2464
313,Dr. RUSSELL & PARTNERS              ,GABLES MEDICAL CENTRE,45 WAVENEY ROAD,BALLYMENA,BT43 5BA,Northern,4075
314,Dr. DUNDEE & PARTNERS               ,WAVENEY MEDICAL PRACTICE,BALLYMENA HEALTH & CARE CENTRE,86 CUSHENDALL ROAD,BT43 6HB,Northern,4695
315,Dr. BAILIE & PARTNER                ,BALLYMENA FAMILY PRACTICE,BALLYMENA HEALTH & CARE CENTRE,86 CUSHENDALL ROAD,BT43 6HB,Northern,3274
317,Dr. REDMOND & PARTNERS              ,BROUGHSHANE MEDICAL PRACTICE,76 MAIN STREET,BROUGHSHANE,BT42 4JA,Northern,7145
319,Dr. MCCUSKER & PARTNERS             ,PORTGLENONE HEALTH CENTRE,17 TOWNHILL ROAD,"PORTGLENONE, BALLYMENA",BT44 8AD,Northern,6728
321,Dr. MCQUILLAN & PARTNERS            ,SEVEN TOWERS SURGERY,BALLYMENA HEALTH & CARE CENTRE,86 CUSHENDALL ROAD,BT43 6HB,Northern,4394
323,Dr. BROWN & PARTNERS                ,SMITHFIELD MEDICAL CENTRE,7 SMITHFIELD PLACE,"GALGORM ROAD, BALLYMENA",BT43 5HB,Northern,2916
325,Dr. BILL & PARTNERS                 ,KELLS & CONNOR MEDICAL CENTRE,36 CHURCH ROAD,"KELLS, BALLYMENA",BT42 3JU,Northern,4002
326,Dr. O'GORMAN & PARTNERS             ,THE FAMILY PRACTICE,ANTRIM HEALTH CENTRE,STATION ROAD,BT41 4BS,Northern,5709
327,Dr. KIDD & PARTNERS                 ,Dr KIDD & Dr COSGROVE,ANTRIM HEALTH CENTRE,STATION ROAD,BT41 4BS,Northern,3813
328,Dr. JOHNSTON & PARTNERS             ,MAINE MEDICAL CULLYBACKEY,"OLD MILL PARK, MAIN STREET","CULLYBACKEY, BALLYMENA",BT42 1GP,Northern,5240
330,Dr. MCKENNA & PARTNERS              ,Dr. MCKENNA & DR McCAULEY,STATION ROAD HEALTH CENTRE,STATION ROAD,BT41 4BS,Northern,4895
331,Dr. KHANNA & PARTNERS               ,BRAID FAMILY PRACTICE,BALLYMENA HEALTH & CARE CENTRE,"86 CUSHENDALL ROAD, BALLYMENA",BT43 6HB,Northern,4396
333,Dr. JOHNSTON & PARTNERS             ,TOOME SURGERY,"TOOME HOUSE, 55 MAIN STREET","TOOMEBRIDGE, ANTRIM",BT41 3TF,Northern,4067
334,Dr. O'HANLON & PARTNERS             ,RANDALSTOWN MEDICAL PRACTICE,5 NEILLSBROOK ROAD,"RANDALSTOWN, ANTRIM",BT41 3AE,Northern,10369
336,Dr. MCCLEERY & PARTNERS             ,ROSEHALL MEDICAL PRACTICE,2 MALLUSK ROAD,GLENGORMLEY,BT36 4PP,Northern,9559
337,Dr. DAVISON & PARTNERS              ,GLENGORMLEY PRACTICE,324 ANTRIM ROAD,NEWTOWNABBEY,BT36 5EQ,Northern,8991
341,Dr. MAXWELL & PARTNERS              ,RIVERSIDE MEDICAL,CASTLEROCK ROAD,COLERAINE,BT51 3HP,Northern,4763
344,Dr. TRACEY & PARTNERS               ,KILLOWEN MEDICAL CENTRE,CASTLEROCK ROAD,COLERAINE,BT51 3HP,Northern,6160
345,Dr. JOHNSTON & PARTNERS             ,BALLYMONEY FAMILY PRACTICE,BALLYMONEY HEALTH CENTRE,"21B NEWAL ROAD, BALLYMONEY",BT53 6HB,Northern,13027
346,Dr. WALLACE & PARTNERS              ,LODGE HEALTH,20 LODGE MANOR,COLERAINE,BT52 1JX,Northern,9806
349,Dr. STERNE & PARTNERS               ,THE COUNTRY MEDICAL PRACTICE,122 BALLINLEA ROAD,"ARMOY, BALLYMONEY",BT53 8TY,Northern,6175
350,Dr. JONES & PARTNERS                ,BUSHMILLS MEDICAL CENTRE,6 PRIESTLAND ROAD,BUSHMILLS,BT57 8QP,Northern,3045
351,Dr. BAILIE & PARTNERS               ,PORTRUSH MEDICAL CENTRE,17 DUNLUCE AVENUE,PORTRUSH,BT56 8DW,Northern,7490
352,Dr. CONNOR & PARTNERS               ,GARVAGH HEALTH CENTRE,110 MAIN STREET,"GARVAGH, COLERAINE",BT51 5AE,Northern,6155
354,Dr. HARLEY & PARTNER                ,PORTSTEWART FAMILY PRACTICE,6 LEVER ROAD,PORTSTEWART,BT55 7EF,Northern,3491
355,Dr. MCCORMACK & PARTNERS            ,KILREA HEALTH CENTRE,36 GARVAGH ROAD,"KILREA, COLERAINE",BT51 5QP,Northern,6821
356,Dr. BONNAR & PARTNERS               ,MOUNTSANDEL SURGERY,4 MOUNTSANDEL ROAD,COLERAINE,BT52 1JB,Northern,11308
357,Dr. MCSPARRAN & PARTNERS            ,GLENS OF ANTRIM MEDICAL CENTRE,2 GORTACLEE ROAD,"CUSHENDALL, BALLYMENA",BT44 0TE,Northern,6328
358,Dr. WHITE                           ,LIFFOCK SURGERY,69 SEA ROAD,"CASTLEROCK, COLERAINE",BT51 4TW,Northern,2831
360,Dr. HENDERSON & PARTNERS            ,RASHARKIN HEALTH CENTRE,10 MONEYLECK ROAD,"RASHARKIN, BALLYMENA",BT44 8QB,Northern,4519
361,Dr. FANNIN & PARTNERS               ,"Drs FANNIN, HUTCHINSON & BOYD",BALLYMONEY HEALTH CENTRE,ROBINSON MEMORIAL HOSPITAL,BT53 6HH,Northern,5470
366,Dr. O'KANE & PARTNERS               ,DALRIADA FAMILY PRACTICE,BALLYCASTLE HEALTH CENTRE,1A COLERAINE ROAD,BT54 6BA,Northern,4246
367,Dr. MCCURDY & PARTNERS              ,THE FROCESS MEDICAL CENTRE,56 MAIN STREET,"CLOUGHMILLS, BALLYMENA",BT44 9LF,Northern,5048
368,Dr. HEGARTY & PARTNERS              ,BALLYCASTLE MEDICAL PRACTICE,BALLYCASTLE HEALTH CENTRE,1A COLERAINE ROAD,BT54 6BA,Northern,4914
369,Dr. TOPPING & PARTNERS              ,PORTSTEWART MEDICAL CENTRE,32 MILL ROAD,PORTSTEWART,BT55 7SW,Northern,4244
382,Dr. GORMAN & PARTNERS               ,MEADOWBRIDGE SURGERY,SLAUGHTERFORD ROAD,"WHITEHEAD, CARRICKFERGUS",BT38 9TG,Northern,9133
385,Dr. KERNOHAN & PARTNERS             ,OLD SCHOOL SURGERY,54 STATION ROAD,"GREENISLAND, CARRICKFERGUS",BT38 8TP,Northern,11336
387,Dr. BAIRD & PARTNERS                ,SCOTCH QUARTER PRACTICE,CARRICKFERGUS HEALTH CENTRE,TAYLORS AVENUE,BT38 7HT,Northern,7277
388,Dr. KIRK & PARTNERS                 ,INVER SURGERY,MOYLE MEDICAL CENTRE,"OLD GLENARM ROAD, LARNE",BT40 1XH,Northern,5284
389,Dr. MCILROY & PARTNERS              ,CORRAN SURGERY,MOYLE MEDICAL CENTRE,"OLD GLENARM ROAD, LARNE",BT40 1XH,Northern,7872
390,Dr. HAMILTON & PARTNERS             ,CASTLE PRACTICE,CARRICKFERGUS HEALTH CENTRE,TAYLORS AVENUE,BT38 7HT,Northern,14927
391,Dr. FERGUSON & PARTNERS             ,VICTORIA SURGERY - LARNE,MOYLE MEDICAL CENTRE,"OLD GLENARM ROAD, LARNE",BT40 1XH,Northern,5714
393,Dr. BLACK & PARTNER                 ,Drs BLACK & LALSINGH,LARNE HEALTH CENTRE,GLOUCESTER AVENUE,BT40 1PB,Northern,2855
394,Dr. CALDWELL & PARTNERS             ,LARNE FAMILY PRACTICE,LARNE HEALTH CENTRE,GLOUCESTER AVENUE,BT40 1PB,Northern,5530
395,Dr. WILSON & PARTNER                ,ROCKFIELD MEDICAL CENTRE,73 DOURY ROAD,BALLYMENA,BT43 6JD,Northern,4078
396,Dr. VERCOE-ROGERS & PARTNERS        ,OLD BANK SURGERY,18 BALLYMONEY ROAD,BALLYMENA,BT43 5BY,Northern,3892
401,Dr. JOHNSTON & PARTNERS             ,MID ULSTER HEALTH CARE C'TOWN,THE HEALTH CENTRE,52 ORRITOR ROAD,BT80 8BN,Northern,6669
402,Dr. WHITE & PARTNERS                ,DRAPERSTOWN SURGERY,6 TOBERMORE ROAD,"DRAPERSTOWN, MAGHERAFELT",BT45 7AG,Northern,8766
404,Dr. DALZELL & PARTNERS              ,COAGH MEDICAL CENTRE,67 URBAL ROAD,COAGH,BT80 0DP,Northern,5607
405,Dr. MCKEEVER & PARTNERS             ,LOY MEDICAL CENTRE,8 LOY STREET,COOKSTOWN,BT80 8PE,Northern,5894
406,Dr. WALLS & PARTNERS                ,GARDEN STREET SURGERY,29 GARDEN STREET,MAGHERAFELT,BT45 5DD,Northern,9801
407,Dr. BROWN & PARTNERS                ,OAKS FAMILY PRACTICE CENTRE,48 ORRITOR ROAD,COOKSTOWN,BT80 8BH,Northern,8028
409,Dr. FITZSIMONS & PARTNERS           ,STEWARTSTOWN HEALTH CENTRE,50 HILLHEAD,"STEWARTSTOWN, DUNGANNON",BT71 5HY,Northern,5991
410,Dr. SHAW & PARTNERS                 ,MAGHERA MEDICAL CENTRE,25 CHURCH STREET,MAGHERA,BT46 5EA,Northern,8680
412,Dr. MORRIS & PARTNERS               ,THE DIAMOND MEDICAL CENTRE,MARKET SQUARE,MAGHERAFELT,BT45 6ED,Northern,8751
413,Dr. GRAHAM                          ,DR GRAHAM'S SURGERY,LOY BUILDINGS,18 LOY STREET,BT80 8PE,Northern,2613
417,Dr. HINDS & PARTNERS                ,CASTLEDAWSON SURGERY,STATION ROAD,"CASTLEDAWSON, MAGHERAFELT",BT45 8AZ,Northern,7652
419,Dr. HUNTER                          ,FAIR HILL SURGERY,FAIR HILL HEALTH CENTRE,1 FAIRHILL ROAD,BT45 6BL,Northern,2232
420,Dr. HEARNSHAW & PARTNERS            ,MONEYMORE MEDICAL PRACTICE,1 FAIRHILL,MONEYMORE,BT45 7LJ,Northern,6063
431,Dr. MEENAN & PARTNERS               ,WHITEHOUSE MEDICAL GROUP PRAC,"UNIT 29A, 1ST FLR ABBEYCENTRE",LONGWOOD ROAD,BT37 9UH,Northern,9723
433,Dr. RAFFERTY & PARTNERS             ,BALLYCLARE GROUP PRACTICE,BALLYCLARE HEALTH CENTRE,GEORGE AVENUE,BT39 9HL,Northern,15200
434,Dr. HENDRON & PARTNERS              ,ABBOTS CROSS MEDICAL PRACTICE,92 DOAGH ROAD,NEWTOWNABBEY,BT37 9QW,Northern,8756
438,Dr. FINNEGAN & PARTNERS             ,TRAMWAYS MEDICAL CENTRE,FARMLEY ROAD,NEWTOWNABBEY,BT36 7XX,Northern,10284
440,Dr. DORAN & PARTNERS                ,NOTTING HILL MEDICAL PRACTICE,95 DOAGH ROAD,NEWTOWNABBEY,BT37 9QN,Northern,10092
451,Dr. WILKINSON & PARTNERS            ,THE LAKES FAMILY PRACTICE,BROWNLOW HEALTH CENTRE,1 LEGAHORY CENTRE,BT65 5BE,Southern,6618
453,Dr. MCCLOSKEY & PARTNERS            ,Dr. MCCLOSKEY & PARTNERS,BANBRIDGE GROUP SURGERY,1 OLD HOSPITAL ROAD,BT32 3GN,Southern,4492
454,Dr. CUPPLES & PARTNERS              ,"Drs CUPPLES, HUEY & McCREEDY",THE SURGERY,11 MAIN STREET,BT32 3NQ,Southern,8724
455,Dr. MAGOWAN & PARTNERS              ,GILFORD HEALTH CENTRE,CASTLEVIEW,"GILFORD, CRAIGAVON",BT63 6JS,Southern,6105
457,Dr. DE ALWIS & PARTNERS             ,WYNNE HILL SURGERY,51 HILL STREET,"LURGAN, CRAIGAVON",BT66 6BW,Southern,11014
458,Dr. TROUGHTON & PARTNERS            ,WATERSIDE MEDICAL PRACTICE,PORTADOWN HEALTH&CARE CENTRE,TAVANAGH AVENUE,BT62 3BU,Southern,5002
460,Dr. HUNTER & PARTNER                ,DONAGHCLONEY SURGERY,60A MAIN STREET,DONAGHCLONEY,BT66 7LR,Southern,4576
461,Dr. CLARKE & PARTNERS               ,MEADOWS FAMILY PRACTICE,THE HEALTH CENTRE,TAVANAGH AVENUE,BT62 3BU,Southern,4410
462,Dr. FITZPATRICK & PARTNERS          ,HIGH STREET SURGERY,60 HIGH STREET,LURGAN,BT66 8BA,Southern,10194
463,Dr. PATTERSON & PARTNERS            ,LURGAN MEDICAL PRACTICE,7 MOORES LANE,"LURGAN, CRAIGAVON",BT66 8DW,Southern,5204
464,Dr. O'CONNOR & PARTNERS             ,ANNAGH FAMILY PRACTICE,PORTADOWN H & C CENTRE,TAVANAGH AVENUE,BT62 3BU,Southern,4952
465,Dr. HUNTER & PARTNERS               ,CHURCH WALK SURGERY,28 CHURCH WALK,NULL,BT67 9AA,Southern,8881
467,Dr. MCAULEY & PARTNERS              ,WILLIAM STREET SURGERY,87/89 WILLIAM STREET,NULL,BT66 6JB,Southern,5604
469,Dr. AULD & PARTNERS                 ,Dr AULD & PARTNERS,BANBRIDGE GROUP SURGERY,1 OLD HOSPITAL ROAD,BT32 3GN,Southern,9145
470,Dr. SHARPE & PARTNERS               ,RIVERSIDE PRACTICE,PORTADOWN HEALTH&CARE CENTRE,TAVANAGH AVENUE,BT62 3BU,Southern,14008
471,Dr. MCNIFF & PARTNERS               ,Dr. MCNIFF & PARTNERS,BANBRIDGE GROUP SURGERY,1 OLD HOSPITAL ROAD,BT32 3GN,Southern,8272
472,Dr. MULLAN & PARTNERS               ,SCARVA STREET SURGERY,60 SCARVA STREET,"LOUGHBRICKLAND, BANBRIDGE",BT32 3NH,Southern,3345
473,Dr. SPENCE & PARTNERS               ,MOIRA SURGERY,52 MAIN STREET,MOIRA,BT67 0LQ,South Eastern,10429
474,Dr. BEATTY & PARTNERS               ,DROMORE DOCTORS SURGERY,SKEAGH HOUSE,15 BANBRIDGE ROAD,BT25 1NB,Southern,8376
475,Dr. BYRNE & PARTNERS                ,AGHALEE SURGERY,8a LURGAN ROAD,AGHALEE,BT67 0DD,South Eastern,6085
476,Dr. LUTTON & PARTNERS               ,BALLYWARD SURGERY,32 STATION ROAD,BALLYWARD,BT31 9TU,Southern,2798
477,Dr. WILLIAMSON & PARTNERS           ,ORCHARD FAMILY PRACTICE,PORTADOWN HEALTH&CARE CENTRE,TAVANAGH AVE,BT62 3BU,Southern,5226
478,Dr. HEGARTY & PARTNERS              ,BEECHWOOD FAMILY PRACTICE,PORTADOWN H & C CENTRE,TAVANAGH AVENUE,BT62 3BU,Southern,4828
479,Dr. BURNETT & PARTNERS              ,DR BURNETT & PARTNERS,PORTADOWN HEALTH&CARE CENTRE,TAVANAGH AVENUE,BT62 3BU,Southern,10026
482,Dr. MCCLOSKEY & PARTNERS            ,THE OLD SCHOOL HOUSE SURGERY,1 ANTRIM ROAD,"LURGAN, CRAIGAVON",BT67 9BW,Southern,5773
491,Dr. MARSHALL & PARTNERS             ,ABBEY COURT SURGERY,DOBBIN LANE,NULL,BT61 7QG,Southern,8347
493,Dr. JOHNSTON & PARTNERS             ,MID ULSTER HEALTH CARE (DUN),SOUTH TYRONE HOSPITAL,CARLAND ROAD,BT71 4AU,Southern,8907
494,Dr. ELLIOTT & PARTNER               ,THE VALLEY MEDICAL PRACTICE,20 COONEEN ROAD,NULL,BT75 0ND,Southern,4326
495,Dr. CARSON & PARTNERS               ,CAMPBELL SURGERY,10 QUARRY LANE,NULL,BT70 1HX,Southern,11320
497,Dr. MCCOLLUM & PARTNERS             ,KEADY HEALTH & CARE CENTRE,2A ANNVALE ROAD,KEADY,BT60 2RP,Southern,9594
498,Dr. MCSHANE & PARTNERS              ,MOY HC - DR MCSHANE & PARTNERS,MOY HEALTH CENTRE,CHARLEMONT STREET,BT71 7SL,Southern,4022
499,Dr. POTTER & PARTNERS               ,ERRIGAL MEDICAL CENTRE,OLD DUNGANNON ROAD,"BALLYGAWLEY,DUNGANNON",BT70 2EY,Southern,4732
500,Dr. HERRON & PARTNER                ,GARVIN SURGERY,22 BARRACK STREET,COALISLAND,BT71 4LS,Southern,2585
501,Dr. MCCONVILLE                      ,MOY HC-DR MCCONVILLE & PARTNER,MOY MEDICAL PRACTICE,CHARLEMONT STREET,BT71 7SL,Southern,2850
502,Dr. CARLILE & PARTNERS              ,TYNAN SURGERY,15 DARTAN REE,TYNAN,BT60 4QT,Southern,6280
503,Dr. WEBSTER & PARTNERS              ,MARKETHILL HEALTH CENTRE,NEWRY STREET,"MARKETHILL, ARMAGH",BT60 1TA,Southern,6640
504,Dr. CLEARY & PARTNER                ,MOY HC - DR CLEARY & PARTNER,MOY MEDICAL CENTRE,CHARLEMONT STREET,BT71 7SL,Southern,3773
505,Dr. GARLAND & PARTNERS              ,PARKVIEW SURGERY,"SOUTH TYRONE HOSPITAL SITE,","CARLAND ROAD,",BT71 4AU,Southern,9240
506,Dr. POTTER                          ,AUGHNACLOY HEALTH CENTRE,2 SYDNEY LANE,AUGHNACLOY,BT69 6AF,Southern,5135
507,Dr. WATTERS                         ,THE HEALTH CENTRE KEADY,24A TASSAGH ROAD,KEADY,BT60 3TU,Southern,2712
508,Dr. PICKERING & PARTNER             ,TANDRAGEE MEDICAL CENTRE,3 MONTAGUE STREET,"TANDRAGEE, CRAIGAVON",BT62 2AN,Southern,3747
509,Dr. MCKAY & PARTNERS                ,ARDMORE MEDICAL PRACTICE,57 THOMAS STREET,DUNGANNON,BT70 1HW,Southern,6960
512,Dr. O'DONNELL & PARTNER             ,COALISLAND MEDICAL CENTRE,15 BARRACK STREET,"COALISLAND, DUNGANNON",BT71 4LS,Southern,4509
514,Dr. RODGERS & PARTNERS              ,THE ARCHWAY SURGERY,DOBBIN LANE,ARMAGH,BT61 7QG,Southern,8641
515,Dr. QUINN & PARTNERS                ,RICHHILL HEALTH CENTRE,"6 GREENVIEW, MAYNOOTH ROAD","RICHHILL, ARMAGH",BT61 9PD,Southern,5479
516,Dr. O'HAGAN & PARTNERS              ,THE FRIARY SURGERY,DOBBIN LANE,ARMAGH,BT61 7QG,Southern,9064
519,Dr. MITCHEL & PARTNER               ,COALISLAND HEALTH CENTRE,10A LINESIDE,"COALISLAND, DUNGANNON",BT71 4LP,Southern,4173
526,Dr. MAGENNIS & PARTNERS             ,"DRS MAGENNIS, BARRETT & GRANT",CORNMARKET SURGERY,NEWRY HEALTH VILLAGE,BT35 6BW,Southern,4926
528,Dr. FEE                             ,THE HEALTH CENTRE,MCCORMICK PLACE,"CROSSMAGLEN, NEWRY",BT35 9HD,Southern,4797
529,Dr. FLOOD & PARTNERS                ,DRS MULVANNEY & FLOOD,CORNMARKET SURGERY,NEWRY HEALTH VILLAGE,BT35 6BW,Southern,6878
530,Dr. MEGAW & PARTNER                 ,MEGAW & IRWIN PRACTICE,RATHFRILAND HEALTH CENTRE,JOHN STREET,BT34 5QH,Southern,3186
531,Dr. KEOWN & PARTNERS                ,THE OLD FORGE SURGERY,14 KILKEEL ROAD,ANNALONG,BT34 4TH,Southern,4409
532,Dr. JADCZAK & PARTNERS              ,KILKEEL MEDICAL PRACTICE,GREENCASTLE STREET,"KILKEEL, NEWRY",BT34 4BH,Southern,8245
533,Dr. VETTIANKAL                      ,MEIGH SURGERY,5B DRUMINTEE ROAD,"KILLEAVY, NEWRY",BT35 8JT,Southern,3177
534,Dr. KING & PARTNERS                 ,CLANRYE SURGERY,NEWRY HEALTH VILLAGE,"MONAGHAN STREET, NEWRY",BT35 6BW,Southern,9310
535,Dr. WADE & PARTNERS                 ,"WADE,TONER & MCALONAN PRACTICE",RATHFRILAND HEALTH CENTRE,JOHN STREET,BT34 5QH,Southern,4532
536,Dr. BINGHAM & PARTNERS              ,SUMMER HILL SURGERY,WARRENPOINT HEALTH CENTRE,50 GREAT GEORGES STREET,BT34 3HS,Southern,8604
537,Dr. MCVERRY & PARTNERS              ,MCVERRY/MCEVOY MEDICAL CENTRE,NEWRY HEALTH VILLAGE,"MONAGHAN STREET, NEWRY",BT35 6BW,Southern,9577
539,Dr. FORSHAW & PARTNERS              ,CLANRYE SURGERY,NEWRY HEALTH VILLAGE,"MONAGHAN STREET, NEWRY",BT35 6BW,Southern,4392
540,Dr. TORNEY & PARTNERS               ,MEADOWLANDS SURGERY,MONAGHAN STREET,NEWRY,BT35 6BW,Southern,7179
542,Dr. LARKIN & PARTNERS               ,NEWTOWNHAMILTON SURGERY,53 DUNDALK STREET,NEWTOWNHAMILTON,BT35 0PB,Southern,4217
543,Dr. MURPHY & PARTNERS               ,THE HEALTH CENTRE,SUMMERHILL,"WARRENPOINT, NEWRY",BT34 3JD,Southern,5120
544,Dr. MCKINLEY & PARTNERS             ,DR MCKINLEY & PARTNERS,CORNMARKET SURGERY,NEWRY HEALTH VILLAGE,BT35 6BW,Southern,7442
545,Dr. MAGUIRE                         ,MAPHONER SURGERY,2A FORKHILL ROAD,"MULLAGHBAWN, NEWRY",BT35 9RA,Southern,5349
546,Dr. MCKERNAN & PARTNER              ,BESSBROOK SURGERY,12 CONVENT HILL,"BESSBROOK, NEWRY",BT35 7AW,Southern,2471
547,Dr. SHANNON & PARTNERS              ,SHANNON PRACTICE,RATHFRILAND MEDICAL CENTRE,JOHN STREET,BT34 5QH,Southern,3770
549,Dr. MULHOLLAND & PARTNERS           ,NEWTOWNHAMILTON HEALTH CENTRE,2A MARKETHILL ROAD,"NEWTOWNHAMILTON, NEWRY",BT35 0BE,Southern,4567
551,Dr. ALLEN & PARTNER                 ,RATHKEELAND HOUSE,1 BLANEY ROAD,"CROSSMAGLEN, NEWRY",BT35 9JJ,Southern,4260
553,Dr. BONNER & PARTNER                ,MARINA SURGERY,15 HAVELOCK PLACE,"WARRENPOINT, NEWRY",BT34 3NE,Southern,2270
554,Dr. POOTS & PARTNERS                ,MOURNE FAMILY SURGERY,"MOURNE HOSPITAL, NEWRY STREET","KILKEEL,NEWRY",BT34 4DN,Southern,5459
557,Dr. PATTERSON & PARTNERS            ,Arbor Family Practice,Brownlow Health Centre,"1 LEGAHORY CENTRE, LEGAHORY,",BT65 5BE,Southern,3210
562,Dr. MAGUIRE & PARTNERS              ,DRS TOAL & MAGUIRE,ERNE HEALTH CENTRE,ERNE ROAD,BT74 6NN,Western,4384
563,Dr. MULLIGAN & PARTNER              ,DEVENISH PRACTICE,ERNE HEALTH CENTRE,ERNE ROAD,BT74 6NN,Western,4081
564,Dr. MEADE & PARTNERS                ,LAKESIDE MEDICAL PRACTICE,ERNE HEALTH CENTRE,ERNE ROAD,BT74 6NN,Western,7193
566,Dr. HAIGNEY & PARTNERS              ,IRVINESTOWN HEALTH CENTRE,CHURCH STREET,IRVINESTOWN,BT94 1EH,Western,7596
568,Dr. MALLON & PARTNER                ,DRS MALLON & MCCONVILLE,LAKELAND HEALTH VILLAGE,ERNE ROAD HEALTH CENTRE,BT74 6NN,Western,3036
571,Dr. CATHCART & PARTNERS             ,DR CATHCART & PARTNERS,ERNE ROAD HEALTH CENTRE,ERNE ROAD,BT74 6NN,Western,7468
574,Dr. DOLAN & PARTNERS                ,MAPLE HEALTHCARE,LISNASKEA HEALTH CENTRE,44 DRUMHAW PARK,BT92 0FP,Western,14103
576,Dr. HERDMAN & PARTNERS              ,RATHMORE CLINIC,9 MAIN STREET,RATHMORE,BT93 3FY,Western,3902
584,Dr. CROMIE & PARTNERS               ,BROOKEBOROUGH & TEMPO PCS,9 TANYARD LANE,"BROOKEBOROUGH, ENNISKILLEN",BT94 4JG,Western,7755
585,Dr. CUNNINGHAM & PARTNERS           ,CUILCAGH MEDICAL PRACTICE,DRUMLAGHY,FLORENCECOURT,BT92 1BZ,Western,8388
596,Dr. COSGROVE & PARTNERS             ,CITYVIEW MEDICAL,WATERSIDE HEALTH CENTRE,127 SPENCER ROAD,BT47 6AH,Western,10342
597,Dr. OLLERENSHAW & PARTNERS          ,BOVALLY MEDICAL PRACTIE,2 ROSSAIR ROAD,LIMAVADY,BT49 0TE,Western,6139
598,Dr. DURAND & PARTNERS               ,QUAYSIDE MEDICAL PRACTICE,80 - 84 STRAND ROAD,LONDONDERRY,BT48 7NN,Western,11801
599,Dr. O'DONNELL & PARTNERS            ,PARK MEDICAL,THE HEALTH CENTRE,GREAT JAMES STREET,BT48 7DH,Western,8687
600,Dr. GALLAGHER & PARTNERS            ,CLAUDY HEALTH CENTRE,38a IRWIN CRESCENT,CLAUDY,BT47 4AB,Western,5037
601,Dr. SMYTH & PARTNERS                ,MOURNESIDE MEDICAL CENTRE,1A BALLYCOLMAN AVENUE,STRABANE,BT82 9AF,Western,10629
602,Dr. DOOHAN & PARTNERS               ,OAKLEAF MEDICAL PRACTICE,GREAT JAMES STREET,LONDONDERRY,BT48 7DH,Western,11021
603,Dr. KNOX & PARTNER                  ,FEENY MEDICAL PRATICE,THE HEALTH CENTRE,FEENY,BT47 4TD,Western,6244
604,Dr. MACE & PARTNERS                 ,ABERFOYLE MEDICAL PRACTICE,120 STRAND ROAD,LONDONDERRY,BT48 7NY,Western,11314
605,Dr. FULLERTON & PARTNERS            ,DONEMANA SURGERY,256 BERRYHILL ROAD,DONEMANA,BT82 0NB,Western,4478
606,Dr. CARROLL & PARTNERS              ,BRIDGE STREET MEDICAL CENTRE,BRIDGE STREET,LONDONDERRY,BT48 6LD,Western,4738
608,Dr. BLACK & PARTNERS                ,ABBEY MEDICAL PRACTICE,ABBEY STREET,LONDONDERRY,BT48 9DN,Western,6896
609,Dr. PRATT & PARTNERS                ,ROSSAIR FAMILY PRACTICE,BOVALLY MEDICAL CENTRE,2 ROSSAIR ROAD,BT49 0TE,Western,6399
610,Dr. O'FLAHERTY & PARTNERS           ,"RIVERSIDE PRACTICE, STRABANE",STRABANE HEALTH CENTRE,UPPER MAIN STREET,BT82 8AS,Western,7891
614,Dr. KYLE & PARTNER                  ,DUNGIVEN FAMILY PRACTICE,DUNGIVEN HEALTH CENTRE,1 CHAPEL ROAD,BT47 4RS,Western,3680
615,Dr. LALSINGH & PARTNERS             ,CLARENDON MEDICAL,35 NORTHLAND AVENUE,LONDONDERRY,BT48 7GW,Western,11371
616,Dr. GREENE & PARTNERS               ,WESTERN RURAL HEALTHCARE,CASTLEDERG GROUP SURGERY,13A LOWER STRABANE ROAD,BT81 7AZ,Western,16253
618,Dr. DOHERTY & PARTNER               ,CLARENDON STREET SURGERY,49 CLARENDON STREET,LONDONDERRY,BT48 7ER,Western,2828
619,Dr. QUINN & PARTNERS                ,DRS QUINN & BROLLY PRACTICE,SCROGGY ROAD HEALTH CENTRE,SCROGGY ROAD,BT49 0NA,Western,5953
620,Dr. ETHERSON & PARTNERS             ,"FAMILY PRACTICE, STRABANE",STRABANE HEALTH CENTRE,1A UPPER MAIN STREET,BT82 8AS,Western,6630
621,Dr. DEANE & PARTNER                 ,NORTHSIDE MEDICAL PRACTICE,SHANTALLOW HEALTH CENTRE,RACECOURSE ROAD,BT48 8NL,Western,3678
622,Dr. FLANAGAN & PARTNERS             ,RACECOURSE MEDICAL GROUP,SHANTALLOW HEALTH CENTRE,RACECOURSE ROAD,BT48 8NL,Western,4774
623,Dr. ORR & PARTNERS                  ,FOYLESIDE FAMILY PRACTICE,BRIDGE STREET MEDICAL CENTRE,30 BRIDGE STREET,BT48 6LD,Western,5978
624,Dr. BOYLE & PARTNERS                ,"GLENDERMOTT MEDICAL,",WATERSIDE HEALTH CENTRE,127 SPENCER ROAD,BT47 6AH,Western,8242
625,Dr. MCEVOY & PARTNERS               ,BAYVIEW MEDICAL PRACTICE,RATH MOR CENTRE,BLIGH'S LANE,BT48 0LZ,Western,4153
626,Dr. DOLAN & PARTNERS                ,RIVERFRONT MEDICAL,WATERSIDE HEALTH CENTRE,127 SPENCER ROAD,BT47 6AH,Western,8531
627,Dr. PATTERSON & PARTNERS            ,EGLINTON MEDICAL PRACTICE,29 MAIN STREET,EGLINTON,BT47 3AB,Western,8099
629,Dr. THOMASIUS & PARTNERS            ,ROE FAMILY PRACTICE,LIMAVADY HEALTH CENTRE,SCROGGY ROAD,BT49 0NA,Western,7007
651,Dr. SWEENEY & PARTNERS              ,FINTONA MEDICAL CENTRE,33 DROMORE ROAD,FINTONA,BT78 2BB,Western,7017
652,Dr. RITCHIE & PARTNER               ,DRUMQUIN SURGERY  DR RICHIE,2H MAIN STREET,DRUMQUIN,BT78 4SB,Western,1939
654,Dr. QUINN & PARTNERS                ,GRANGE FAMILY PRACTICE,OMAGH HOSPITAL AND PCC,7 DONAGHANIE ROAD,BT79 0NR,Western,6977
655,Dr. SCULLY                          ,DRUMQUIN HEALTHCARE,23 OMAGH ROAD,NULL,BT78 4QY,Western,1500
657,Dr. BRADLEY & PARTNERS              ,THREE SPIRES SURGERY,7 DONAGHANIE ROAD,OMAGH,BT79 0NR,Western,10180
660,Dr. CORRY & PARTNERS                ,CARRICKMORE HEALTH CENTRE,TERMON ROAD,NULL,BT79 9JR,Western,9512
661,NULL,NULL,NULL,NULL,NULL,Western,5296
662,Dr. GORMLEY & PARTNERS              ,DRUMRAGH FAMILY PRACTICE,OMAGH HOSPITAL AND PCC,7 DONAGHANIE ROAD,BT79 0NR,Western,11082
663,Dr. DEEHAN & PARTNER                ,STRULE MEDICAL,OMAGH HOSPITAL AND PCC,DONAGHANIE ROAD,BT79 0NR,Western,3334
664,Dr. MCAULEY & PARTNER               ,SPERRIN FAMILY PRACTICE,41 MAIN STREET,NULL,BT79 8DL,Western,3443
