PracNo,PracticeName,Address1,Address2,Address3,Postcode,LCG,Registered_Patients
1,Dr. HOEY & PARTNERS                 ,HARLAND MEDICAL PRACTICE,HOLYWOOD ARCHES HEALTH CENTRE,WESTMINSTER AVENUE,BT4 1NS,Belfast,6692
3,Dr. MCCUTCHEON & PARTNERS           ,GREENWAY PRACTICE,HOLYWOOD ARCHES HC 2ND FLOOR,WESTMINSTER AVENUE,BT4 1NS,Belfast,7132
6,Dr. MCIVOR & PARTNERS               ,CARRYDUFF SURGERY,HILLSBOROUGH ROAD,CARRYDUFF,BT8 8HR,Belfast,11340
10,Dr. WILSON & PARTNER                ,TEMPLEMORE MEDICAL CENTRE,225 ALBERTBRIDGE ROAD,BELFAST,BT5 4PX,Belfast,2414
13,Dr. COOGAN                          ,TEMPLEMORE MEDICAL CENTRE,225 ALBERTBRIDGE ROAD,BELFAST,BT5 4PX,Belfast,3243
14,Dr. COULTER & PARTNERS              ,KERRSLAND SURGERY,169 UPPER NEWTOWNARDS ROAD,BELFAST,BT4 3HZ,Belfast,8446
15,Dr. MCGARRITY & PARTNERS            ,HOLYWOOD ROAD SURGERY,54 HOLYWOOD ROAD,BELFAST,BT4 1NT,Belfast,5660
16,Dr. MCCANN & PARTNERS               ,KNOCK MEDICAL CENTRE,423B UPPER NEWTOWNARDS ROAD,BELFAST,BT4 3LH,Belfast,6114
17,Dr. MERCER & PARTNERS               ,HOLYWOOD ARCHES HEALTH CENTRE,WESTMINSTER AVENUE,BELFAST,BT4 1NS,Belfast,5513
18,Dr. MCCONVILLE & PARTNERS           ,BRIDGES FAMILY PRACTICE,2-6 BRYSON STREET,BELFAST,BT5 4ES,Belfast,7204
19,Dr. MITCHELL & PARTNERS             ,LINEN COURT SURGERY,336 BEERSBRIDGE ROAD,BELFAST,BT5 5DY,Belfast,4287
20,Dr. LUA & PARTNERS                  ,LEWIS SQUARE PRACTICE,HOLYWOOD ARCHES HEALTH CENTRE,WESTMINSTER AVENUE,BT4 1NS,Belfast,4117
24,Dr. MCCLOSKEY & PARTNERS            ,THE MOUNT GROUP PRACTICE,50 CASTLEREAGH STREET,BELFAST,BT5 4NH,Belfast,4232
28,Dr. GALLAGHER & PARTNERS            ,THE VICTORIA PRACTICE,HOLYWOOD ARCHES HEALTH CENTRE,WESTMINSTER AVENUE,BT4 1NS,Belfast,3343
29,Dr. SAVAGE & PARTNERS               ,CASTLEREAGH MEDICAL CENTRE,21 BALLYGOWAN ROAD,BELFAST,BT5 7LH,Belfast,5012
30,Dr. THOMPSON & PARTNERS             ,EASTSIDE SURGERY,56 TEMPLEMORE AVENUE,BELFAST,BT5 4FT,Belfast,2807
31,Dr. COOKE & PARTNERS                ,DUNDONALD MEDICAL CENTRE,16 CHURCH ROAD,"DUNDONALD, BELFAST",BT16 2LN,Belfast,7395
32,Dr. KELLY & PARTNERS                ,WILLOWFIELD SURGERY,50/52 CASTLEREAGH ROAD,BELFAST,BT5 5FP,Belfast,4043
33,Dr. RODGERS & PARTNERS              ,WOODSTOCK MEDICAL CENTRE,222 WOODSTOCK ROAD,BELFAST,BT6 9DL,Belfast,5024
37,Dr. MONCRIEFF & PARTNERS            ,CHERRYVALLEY GROUP PRACTICE,CHERRYVALLEY HEALTH CENTRE,KINGS SQUARE,BT5 7BP,Belfast,6647
38,Dr. ABERNETHY                       ,CHERRYVALLEY FAMILY PRACTICE,CHERRYVALLEY HEALTH CENTRE,KINGS SQUARE,BT5 7BP,Belfast,1980
52,Dr. SAVAGE & PARTNER                ,ALBERTVILLE SURGERY,16 MCCANDLESS STREET,CRUMLIN ROAD,BT13 1RU,Belfast,2800
53,Dr. COLGAN                          ,463 FALLS ROAD,BELFAST,NULL,BT12 6DD,Belfast,3146
55,Dr. O'KANE                          ,THE HEALTH CENTRE,94-100 CRUMLIN ROAD,BELFAST,BT14 6AR,Belfast,1201
57,Dr. CAMPBELL & PARTNER              ,"THE MAUREEN SHEEHAN CENTRE, BUILDING 2",106 ALBERT STREET,BELFAST,BT12 4HL,Belfast,5147
58,Dr. FARNAN & PARTNERS               ,THE GROUP SURGERY,257 NORTH QUEEN STREET,BELFAST,BT15 1HS,Belfast,5836
60,Dr. BURNS & PARTNERS                ,DUNCAIRN MEDICAL PRACTICE,165 DUNCAIRN GARDENS,BELFAST,BT15 2GE,Belfast,3476
61,Dr. CROSSIN & PARTNERS              ,THE CARRICK HILL MEDICAL CENTRE,1 CARRICK HILL,BELFAST,BT1 2JR,Belfast,9576
62,Dr. GARDINER & PARTNER              ,GARDINER FAMILY PRACTICE,CRUMLIN ROAD HEALTH CENTRE,"100 CRUMLIN ROAD, BELFAST",BT14 6AR,Belfast,1298
63,Dr. O'DONNELL & PARTNERS            ,WILLOW MEDICAL PRACTICE,155 ANDERSONSTOWN ROAD,BELFAST,BT11 9EA,Belfast,3022
64,Dr. DONAGHY & PARTNERS              ,DUNVILLE HEALTH CENTRE,309 GROSVENOR ROAD,BELFAST,BT12 4LP,Belfast,4244
66,Dr. DURKAN & PARTNERS               ,PARKSIDE SURGERY,GROVE WELLBEING CENTRE,120 YORK ROAD,BT15 3HF,Belfast,7005
68,Dr. CARDWELL & PARTNERS             ,SHANKILL SURGERY,136-138 SHANKILL ROAD,BELFAST,BT13 2BD,Belfast,2556
69,Dr. TAN & PARTNER                   ,FLAX MEDICAL CENTRE,FLAX CENTRE,ARDOYNE AVENUE,BT14 7DA,Belfast,3025
70,Dr. CHAMBERS & PARTNERS             ,BALLYSILLAN GROUP PRACTICE,156-158 BALLYSILLAN ROAD,BELFAST,BT14 7QR,Belfast,5566
71,Dr. LEAVY & PARTNERS                ,SPRINGVALE MEDICAL PRACTICE,463 SPRINGFIELD ROAD,BELFAST,BT12 7DP,Belfast,6506
72,Dr. AGAHI & PARTNERS                ,MOUNTAINVIEW SURGERY,585 CRUMLIN ROAD,BELFAST,BT14 7GB,Belfast,1903
73,Dr. CLULOW & PARTNER                ,CRUMLIN ROAD FAMILY PRACTICE,CRUMLIN ROAD HEALTH CENTRE,"94-100 CRUMLIN ROAD, BELFAST",BT14 6AR,Belfast,2147
74,Dr. BEATTIE & PARTNER               ,NORTHGATE FAMILY PRACTICE,36 DUNCAIRN GARDENS,BELFAST,BT15 2GH,Belfast,2747
75,Dr. MCCLOSKEY & PARTNERS            ,GROSVENOR ROAD SURGERY,216 GROSVENOR ROAD,BELFAST,BT12 5LT,Belfast,9886
79,Dr. LOGAN & PARTNERS                ,SPRINGFIELD ROAD SURGERY,70 SPRINGFIELD ROAD,BELFAST,BT12 7AH,Belfast,9190
80,Dr. CONWAY & PARTNERS               ,460 OLDPARK ROAD,BELFAST,NULL,BT14 6QG,Belfast,4837
81,Dr. MCHUGH & PARTNERS               ,SPRINGFIELD MEDICAL CENTRE,44-46 SPRINGFIELD ROAD,BELFAST,BT12 7AH,Belfast,7252
83,Dr. PATTON & PARTNERS               ,GROVE MEDICAL PRACTICE,GROVE WELL BEING CENTRE,120 YORK ROAD,BT15 3HF,Belfast,5697
84,Dr. SALTERS & PARTNERS              ,186 FALLS ROAD,BELFAST,NULL,BT12 6AG,Belfast,3683
85,Dr. MCMAHON & PARTNERS              ,ANTRIM ROAD MEDICAL CENTRE,515 ANTRIM ROAD,BELFAST,BT15 3BS,Belfast,5247
86,Dr. HARKIN & PARTNERS               ,SALISBURY MEDICAL CENTRE,474 ANTRIM ROAD,BELFAST,BT15 5GF,Belfast,11020
92,Dr. MCFERRAN & PARTNERS             ,BALLYOWEN HEALTH CENTRE,179 ANDERSONSTOWN ROAD,BELFAST,BT11 9EA,Belfast,5132
93,Dr. CLARKE & PARTNERS               ,CLIFTONVILLE MEDICAL PRACTICE,61 CLIFTONVILLE ROAD,BELFAST,BT14 6JN,Belfast,5670
94,Dr. CUMMINGS & PARTNER              ,FALLS FAMILY DOCTORS,115 FALLS ROAD,BELFAST,BT12 6AA,Belfast,7224
96,Dr. MAGENIS & PARTNERS              ,MALVERN FAMILY PRACTICE,CORNERSTONE MEDICAL CENTRE,69 SHANKILL ROAD,BT13 1FD,Belfast,5249
98,Dr. GILMORE & PARTNERS              ,LIGONIEL HEALTH CENTRE,74A LIGONIEL ROAD,BELFAST,BT14 8BY,Belfast,3990
101,Dr. KELLY & PARTNERS                ,Vere Foster Medical Group,132-136 Sandy Row,BELFAST,BT12 5EY,Belfast,4274
103,Dr. MAGUIRE & PARTNERS              ,CLIFTON STREET SURGERY,15/17 CLIFTON STREET,BELFAST,BT13 1AD,Belfast,8918
104,Dr. HUTCHINSON & PARTNERS           ,17 BALLYGOMARTIN ROAD,BELFAST,NULL,BT13 3BW,Belfast,7898
105,Dr. DOGGART & PARTNERS              ,CHURCH VIEW MEDICAL PRACTICE,CORNERSTONE MEDICAL CENTRE,69 SHANKILL ROAD,BT13 1FD,Belfast,5047
111,Dr. MCKENNA                         ,DR MCKENNA'S PRACTICE,2 THAMES STREET,BELFAST,BT12 6AP,Belfast,2947
113,Dr. DUGAN                           ,DR DUGAN'S SURGERY,173 ANDERSTOWNSTOWN ROAD,BELFAST,BT11 9EA,Belfast,4399
114,Dr. BONNAR & PARTNERS               ,HILLHEAD FAMILY PRACTICE,33 STEWARTSTOWN ROAD,BELFAST,BT11 9FZ,Belfast,7131
116,Dr. DORAN & PARTNERS                ,CROCUS STREET SURGERY,1 CROCUS STREET,BELFAST,BT12 7AP,Belfast,4438
132,Dr. MCGLADE & PARTNERS              ,DUNLUCE FAMILY PRACTICE,1 DUNLUCE AVENUE,BELFAST,BT9 7HR,Belfast,6030
136,Dr. HAIGNEY & PARTNERS              ,MOUNT ORIEL MEDICAL PRACTICE,KNOCKBREDA WTC,110 SAINTFIELD ROAD,BT8 6GR,Belfast,7770
140,Dr. LOGAN & PARTNERS                ,ELMWOOD MEDICAL PRACTICE,DUNLUCE HEALTH CENTRE,1 DUNLUCE AVENUE,BT9 7HR,Belfast,8952
143,Dr. SHERWOOD & PARTNERS             ,THE ROWAN TREE FAMILY PRACTICE,DUNLUCE HEALTH CENTRE,1 DUNLUCE AVENUE,BT9 7HR,Belfast,5650
145,Dr. KILLINER & PARTNERS             ,KENSINGTON GROUP PRACTICE,KENSINGTON MEDICAL CENTRE,15A DONEGALL ROAD,BT12 5JJ,Belfast,8712
146,Dr. HUGHES                          ,BALMORAL SURGERY,436 LISBURN ROAD,BELFAST,BT9 6GR,Belfast,4184
147,Dr. GRACEY & PARTNERS               ,ORMEAU PARK SURGERY,281 ORMEAU ROAD,BELFAST,BT7 3GG,Belfast,7566
148,Dr. TONER & PARTNERS                ,SOUTH EAST FAMILY PRACTICE,370/372 CREGAGH ROAD,BELFAST,BT6 9EY,Belfast,8955
151,Dr. MCAULEY & PARTNERS              ,THE IRWIN PRACTICE,FINAGHY HEALTH CENTRE,13/25 FINAGHY ROAD SOUTH,BT10 0BX,Belfast,13209
153,Dr. DIAMOND & PARTNERS              ,ORMEAU ROAD HEALTH CENTRE,120 ORMEAU ROAD,BELFAST,BT7 2EB,Belfast,9565
154,Dr. MCCAULEY & PARTNERS             ,UNIVERSITY STREET SURGERY,142 - 144 UNIVERSITY STREET,BELFAST,BT7 1HH,Belfast,5297
156,Dr. COLTON & PARTNERS               ,BALLYOWEN HEALTH CENTRE,179 ANDERSONSTOWN ROAD,BELFAST,BT11 9EA,Belfast,9429
157,Dr. FAIR & PARTNERS                 ,UNIVERSITY HEALTH CENTRE AT QUEENS,ELMWOOD MANSE,"7 UNIVERSITY TERRACE, BELFAST",BT7 1NP,Belfast,9674
159,Dr. BELL & PARTNERS                 ,ARDMORE MEDICAL CENTRE,485 ORMEAU ROAD,BELFAST,BT7 3GR,Belfast,5945
164,Dr. MURDOCK & PARTNER               ,CREGAGH SURGERY,36 MONTGOMERY ROAD,BELFAST,BT6 9HL,Belfast,3686
165,Dr. KEANE & PARTNERS                ,NORTH PARADE MEDICAL CENTRE,6 NORTH PARADE,BELFAST,BT7 2GG,Belfast,8841
166,Dr. CULLEN                          ,BOTANIC MEDICAL CENTRE,51 BOTANIC AVENUE,BELFAST,BT7 1JL,Belfast,3476
191,Dr. FERGUSON & PARTNERS             ,THE MONTALTO MEDICAL CENTRE,2 DROMORE ROAD,BALLYNAHINCH,BT24 8AY,South Eastern,9862
192,Dr. MCGILL & PARTNERS               ,KILLYLEAGH SURGERY,14 DOWNPATRICK ROAD,KILLYLEAGH,BT30 9RG,South Eastern,4964
193,Dr. GREER & PARTNERS                ,DUNDRUM AND CLOUGH SURGERY,1 CASTLEWELLAN ROAD,CLOUGH,BT30 8RD,South Eastern,10572
194,Dr. HYLAND & PARTNER                ,THE SURGERY,CAUSEWAY PLACE,NEWCASTLE,BT33 0DN,South Eastern,2101
195,Dr. GILPIN                          ,DR GILPIN'S SURGERY,CAUSEWAY SURGERY,2 CAUSEWAY PLACE,BT33 0DN,South Eastern,1773
196,Dr. MURPHY & PARTNERS               ,THE HEALTH CENTRE,DOWNPATRICK ROAD,ARDGLASS,BT30 7SF,South Eastern,3263
198,Dr. ROSS & PARTNERS                 ,SAINTFIELD HEALTH CENTRE,FAIRVIEW,SAINTFIELD,BT24 7AD,South Eastern,9387
201,Dr. LEGGETT & PARTNERS              ,DONARD FAMILY PRACTICE,56 MAIN STREET,"NEWCASTLE, CO DOWN",BT33 0AE,South Eastern,11946
202,Dr. SMALL & PARTNERS                ,GP & PRIMARY CARE CENTRE,"FIRST FLOOR, DOWN HOSPITAL","STRUELL WELLS ROAD, DOWNPATRICK",BT30 6RL,South Eastern,3974
204,Dr. BOYLE & PARTNERS                ,THE GREEN SURGERY,12 THE GREEN,"IRISH STREET, DOWNPATRICK",BT30 6BE,South Eastern,5052
205,Dr. TRAINOR & PARTNERS              ,CROSSGAR SURGERY,JAMES STREET,"CROSSGAR, DOWNPATRICK",BT30 9JU,South Eastern,4642
206,Dr. SHEVLIN & PARTNERS              ,GP & PRIMARY CARE CENTRE,"FIRST FLOOR, DOWN HOSPITAL","STRUELL WELLS ROAD, DOWNPATRICK",BT30 6RL,South Eastern,5006
207,Dr. CREANEY & PARTNERS              ,STREAM STREET SURGERY,40 STREAM STREET,DOWNPATRICK,BT30 6DE,South Eastern,5041
221,Dr. HALL & PARTNERS                 ,HILLSBOROUGH MEDICAL PRACTICE,HEALTH CENTRE,BALLYNAHINCH ST,BT26 6AW,South Eastern,10316
222,Dr. DEVLIN & PARTNERS               ,WOODBROOKE MEDICAL PRACTICE,STEWARTSTOWN ROAD,DUNMURRY BELFAST,BT17 0FB,South Eastern,9331
223,Dr. CUPPLES & PARTNERS              ,LISBURN CITY PRACTICE,THE HEALTH CENTRE,LINENHALL STREET,BT28 1LU,South Eastern,5845
224,Dr. CAIRNS & PARTNERS               ,THE HEALTH CENTRE,LINENHALL STREET,LISBURN,BT28 1LU,South Eastern,7383
226,Dr. HICKS & PARTNERS                ,DROMARA SURGERY,BEGNEY HILL ROAD,DROMARA,BT25 2AT,South Eastern,8491
227,Dr. O'KANE & PARTNERS               ,THE HEALTH CENTRE,LINENHALL STREET,LISBURN,BT28 1LU,South Eastern,12452
228,Dr. FORDE & PARTNERS                ,LAGANVIEW MEDICAL PRACTICE,"LISBURN HEALTH CENTRE, LINENHALL STREET",LISBURN,BT28 1LU,South Eastern,4378
229,Dr. RUDDELL & PARTNERS              ,THE HEALTH CENTRE,LINENHALL STREET,LISBURN,BT28 1LU,South Eastern,8977
230,Dr. RYAN & PARTNERS                 ,THE HEALTH CENTRE,LINENHALL STREET,LISBURN,BT28 1LU,South Eastern,5147
231,Dr. PALMER & PARTNERS               ,THE HEALTH CENTRE,LINENHALL STREET,LISBURN,BT28 1LU,South Eastern,9695
232,Dr. DICK & PARTNERS                 ,THE HILL MEDICAL GROUP PRAC,192 KINGSWAY,DUNMURRY,BT17 9AL,South Eastern,7992
233,Dr. GALLAGHER & PARTNERS            ,GLENAVY FAMILY PRACTICE,47 MAIN STREET,"GLENAVY, CRUMLIN",BT29 4LN,South Eastern,4424
252,Dr. LAWSON & PARTNERS               ,PRIORY SURGERY,26 HIGH STREET,HOLYWOOD,BT18 9AD,South Eastern,14720
253,Dr. REID & PARTNERS                 ,REDWOOD SURGERY,THE HEALTH CENTRE,NEWTOWNARDS ROAD,BT20 4LD,South Eastern,7834
254,Dr. MARSHALL & PARTNER              ,LISBANE MEDICAL CENTRE,24 LISBARNETT ROAD,LISBANE,BT23 6AW,South Eastern,4301
255,Dr. KENNY & PARTNERS                ,THE HEALTH CENTRE,NEWTOWNARDS ROAD,BANGOR,BT20 4LD,South Eastern,5419
256,Dr. CRAIG & PARTNER                 ,ASHLEY MEDICAL CENTRE,140 GROOMSPORT ROAD,BANGOR,BT20 5PE,South Eastern,5849
257,Dr. GOLDRING & PARTNERS             ,BROOK STREET SURGERY,BROOK STREET,HOLYWOOD,BT18 9DA,South Eastern,8413
258,Dr. MANSON & PARTNERS               ,CASTLE PARK PRACTICE,BANGOR HEALTH CENTRE,NEWTOWNARDS ROAD,BT20 4LD,South Eastern,4924
259,Dr. DOYLE & PARTNERS                ,PORTAFERRY SURGERY,44 HIGH STREET,"PORTAFERRY, NEWTOWNARDS",BT22 1QT,South Eastern,6333
260,Dr. DORAN & PARTNERS                ,CHURCH VIEW FAMILY PRACTICE,THE HEALTH CENTRE,NEWTOWNARDS ROAD,BT20 4LD,South Eastern,7392
261,Dr. NEOH & PARTNERS                 ,KILLYNETHER PRACTICE,2A FREDERICK STREET,NEWTOWNARDS,BT23 4LR,South Eastern,5994
264,Dr. KINNEAR & PARTNER               ,SILVERBIRCH MEDICAL PRACTICE,39A SILVERBIRCH ROAD,BANGOR,BT19 6EU,South Eastern,2674
265,Dr. HYLAND & PARTNERS               ,THE SURGERY NEWTOWNARDS,1 CHURCH STREET,NEWTOWNARDS,BT23 4FH,South Eastern,7137
271,Dr. GREER & PARTNERS                ,OLD MILL SURGERY,CHURCH STREET,NEWTOWNARDS,BT23 4AS,South Eastern,10992
272,Dr. MCKEOWN & PARTNERS              ,16 A THE SQUARE,COMBER,NEWTOWNARDS,BT23 5DT,South Eastern,6850
273,Dr. WHITESIDE & PARTNERS            ,THE HEALTH CENTRE,5 NEWTOWNARDS ROAD,"COMBER, NEWTOWNARDS",BT23 5BA,South Eastern,7664
274,Dr. MCNUTT & PARTNERS               ,BLOOMFIELD SURGERY,95 BLOOMFIELD ROAD,BANGOR,BT20 4XA,South Eastern,10323
275,Dr. WEBB & PARTNERS                 ,REGENCY MEDICAL CENTRE,2A FREDERICK STREET,NEWTOWNARDS,BT23 4LR,South Eastern,4906
276,Dr. HISCOCKS & PARTNERS             ,DONAGHADEE HEALTH CENTRE,3 KILLAUGHEY ROAD,DONAGHADEE,BT21 0BU,South Eastern,9366
278,Dr. MCCANCE & PARTNERS              ,THE SURGERY,1 CHURCH STREET,NEWTOWNARDS,BT23 4FH,South Eastern,4365
280,Dr. SIMPSON & PARTNERS              ,ABBEY FAMILY PRACTICE,BANGOR HEALTH CENTRE,NEWTOWNARDS ROAD,BT20 4LD,South Eastern,5303
281,Dr. ABRAHAM & PARTNERS              ,CLELAND PARK SURGERY,2 CLELAND PARK,BANGOR,BT20 3EB,South Eastern,6103
282,Dr. HUGHES & PARTNERS               ,THE HEALTH CENTRE,FOWLER WAY,"BALLYWALTER, NEWTOWNARDS",BT22 2PY,South Eastern,6222
283,Dr. BAILIE & PARTNERS               ,LOUGH VIEW SURGERY,2 MAIN STREET,"KIRCUBBIN, NEWTOWNARDS",BT22 2SP,South Eastern,5807
285,Dr. JACKSON & PARTNERS              ,GREEN ROAD MEDICAL CENTRE,5 GREEN ROAD,"CONLIG, NEWTOWNARDS",BT23 7PZ,South Eastern,4466
302,Dr. HUEY & PARTNERS                 ,TEMPLEPATRICK SURGERY,80 CASTLETON,TEMPLEPATRICK,BT39 0AZ,Northern,9559
303,Dr. HYNDMAN & PARTNERS              ,CRUMLIN MEDICAL PRACTICE,1 GLENAVY ROAD,CRUMLIN,BT29 4LA,Northern,8237
304,Dr. BUTLER & PARTNERS               ,MAINE MEDICAL AHOGHILL,THE OLD MEETING HOUSE,2 STRAID RD,BT42 2PB,Northern,5179
305,Dr. DICK & PARTNERS                 ,BERNAGHMORE MEDICAL PRACTICE,BALLYMENA HEALTH & CARE CENTRE,86 CUSHENDALL ROAD,BT43 6HB,Northern,3765
307,Dr. FIELD & PARTNERS                ,ANTRIM CASTLE SURGERY,ANTRIM HEALTH CENTRE,32A STATION ROAD,BT41 4BS,Northern,7899
308,Dr. HUNTER & PARTNERS               ,ORIEL SURGERY,31 ORIEL ROAD,ANTRIM,BT41 4HR,Northern,6369
310,Dr. MCKELVEY & PARTNERS             ,CULLYBACKEY MEDICAL PRACTICE,CULLYBACKEY HEALTH CENTRE,TOBER PARK,BT42 1NW,Northern,7550
311,Dr. JOHNSTON & PARTNERS             ,GALGORM SURGERY,77 GALGORM ROAD,BALLYMENA,BT42 1AA,Northern,2461
312,Dr. HALL & PARTNER                  ,SLEMISH VIEW MEDICAL PRACTICE,BALLYMENA HEALTH & CARE CENTRE,86 CUSHENDALL ROAD,BT43 6HB,Northern,2498
313,Dr. RUSSELL & PARTNERS              ,GABLES MEDICAL CENTRE,45 WAVENEY ROAD,BALLYMENA,BT43 5BA,Northern,4064
314,Dr. DUNDEE & PARTNERS               ,WAVENEY MEDICAL PRACTICE,BALLYMENA HEALTH & CARE CENTRE,86 CUSHENDALL ROAD,BT43 6HB,Northern,4680
315,Dr. LOUGHREY                        ,BALLYMENA FAMILY PRACTICE,BALLYMENA HEALTH & CARE CENTRE,86 CUSHENDALL ROAD,BT43 6HB,Northern,3212
317,Dr. REDMOND & PARTNERS              ,BROUGHSHANE MEDICAL PRACTICE,76 MAIN STREET,BROUGHSHANE,BT42 4JA,Northern,6971
319,Dr. MCCUSKER & PARTNERS             ,PORTGLENONE HEALTH CENTRE,17 TOWNHILL ROAD,"PORTGLENONE, BALLYMENA",BT44 8AD,Northern,6698
321,Dr. MCQUILLAN & PARTNERS            ,SEVEN TOWERS SURGERY,BALLYMENA HEALTH & CARE CENTRE,86 CUSHENDALL ROAD,BT43 6HB,Northern,4413
323,Dr. BROWN & PARTNER                 ,SMITHFIELD MEDICAL CENTRE,7 SMITHFIELD PLACE,"GALGORM ROAD, BALLYMENA",BT43 5HB,Northern,2900
325,Dr. BILL & PARTNERS                 ,KELLS & CONNOR MEDICAL CENTRE,36 CHURCH ROAD,"KELLS, BALLYMENA",BT42 3JU,Northern,3899
326,Dr. MCCUSKER & PARTNERS             ,THE FAMILY PRACTICE,ANTRIM HEALTH CENTRE,STATION ROAD,BT41 4BS,Northern,5765
327,Dr. KIDD & PARTNERS                 ,THE HEALTH CENTRE,STATION ROAD,ANTRIM,BT41 4BS,Northern,3675
328,Dr. JOHNSTON & PARTNERS             ,MAINE MEDICAL CULLYBACKEY,"OLD MILL PARK, MAIN STREET","CULLYBACKEY, BALLYMENA",BT42 1GP,Northern,5017
330,Dr. MCKENNA & PARTNERS              ,THE HEALTH CENTRE,STATION ROAD,ANTRIM,BT41 4BS,Northern,4773
331,Dr. KHANNA & PARTNERS               ,BRAID FAMILY PRACTICE,BALLYMENA HEALTH & CARE CENTRE,"86 CUSHENDALL ROAD, BALLYMENA",BT43 6HB,Northern,4330
333,Dr. JOHNSTON & PARTNER              ,TOOME SURGERY,"TOOME HOUSE, 55 MAIN STREET","TOOMEBRIDGE, ANTRIM",BT41 3TF,Northern,3829
334,Dr. O'HANLON & PARTNERS             ,RANDALSTOWN MEDICAL PRACTICE,5 NEILLSBROOK ROAD,"RANDALSTOWN, ANTRIM",BT41 3AE,Northern,10408
336,Dr. MCCLEERY & PARTNERS             ,ROSEHALL MEDICAL PRACTICE,2 MALLUSK ROAD,GLENGORMLEY,BT36 4PP,Northern,9166
337,Dr. DAVISON & PARTNERS              ,GLENGORMLEY PRACTICE,324 ANTRIM ROAD,NEWTOWNABBEY,BT36 5EQ,Northern,8906
341,Dr. MAXWELL & PARTNERS              ,RIVERSIDE MEDICAL,CASTLEROCK ROAD,COLERAINE,BT51 3HP,Northern,4834
344,Dr. TRACEY & PARTNERS               ,KILLOWEN MEDICAL CENTRE,CASTLEROCK ROAD,COLERAINE,BT51 3HP,Northern,5939
345,Dr. JOHNSTON & PARTNERS             ,BALLYMONEY FAMILY PRACTICE,BALLYMONEY HEALTH CENTRE,"21B NEWAL ROAD, BALLYMONEY",BT53 6HB,Northern,12816
346,Dr. WALLACE & PARTNERS              ,LODGE HEALTH,20 LODGE MANOR,COLERAINE,BT52 1JX,Northern,10023
349,Dr. STERNE & PARTNERS               ,THE COUNTRY MEDICAL PRACTICE,122 BALLINLEA ROAD,"ARMOY, BALLYMONEY",BT53 8TY,Northern,6225
350,Dr. JONES & PARTNER                 ,6 PRIESTLAND ROAD,BUSHMILLS,NULL,BT57 8QP,Northern,3062
351,Dr. BAILIE & PARTNERS               ,PORTRUSH MEDICAL CENTRE,17 DUNLUCE AVENUE,PORTRUSH,BT56 8DW,Northern,7481
352,Dr. CONNOR & PARTNERS               ,GARVAGH HEALTH CENTRE,110 MAIN STREET,"GARVAGH, COLERAINE",BT51 5AE,Northern,6041
354,Dr. HARLEY & PARTNERS               ,PORTSTEWART FAMILY PRACTICE,6 LEVER ROAD,PORTSTEWART,BT55 7EF,Northern,3414
355,Dr. MCCORMACK & PARTNERS            ,KILREA HEALTH CENTRE,36 GARVAGH ROAD,"KILREA, COLERAINE",BT51 5QP,Northern,6807
356,Dr. BONNAR & PARTNERS               ,MOUNTSANDEL SURGERY,4 MOUNTSANDEL ROAD,COLERAINE,BT52 1JB,Northern,11285
357,Dr. MCSPARRAN & PARTNERS            ,GLENS OF ANTRIM MEDICAL CENTRE,2 GORTACLEE ROAD,"CUSHENDALL, BALLYMENA",BT44 0TE,Northern,6402
358,Dr. WHITE                           ,LIFFOCK SURGERY,69 SEA ROAD,"CASTLEROCK, COLERAINE",BT51 4TW,Northern,2774
360,Dr. HENDERSON & PARTNERS            ,RASHARKIN HEALTH CENTRE,10 MONEYLECK ROAD,"RASHARKIN, BALLYMENA",BT44 8QB,Northern,4454
361,Dr. FANNIN & PARTNERS               ,BALLYMONEY HEALTH CENTRE,ROBINSON MEMORIAL HOSPITAL,BALLYMONEY,BT53 6HH,Northern,5442
366,Dr. MCLISTER & PARTNERS             ,DALRIADA FAMILY PRACTICE,BALLYCASTLE HEALTH CENTRE,1A COLERAINE ROAD,BT54 6BA,Northern,4148
367,Dr. MCCURDY & PARTNERS              ,THE FROCESS MEDICAL CENTRE,56 MAIN STREET,"CLOUGHMILLS, BALLYMENA",BT44 9LF,Northern,4876
368,Dr. HEGARTY & PARTNERS              ,BALLYCASTLE MEDICAL PRACTICE,BALLYCASTLE HEALTH CENTRE,1A COLERAINE ROAD,BT54 6BA,Northern,4882
369,Dr. TOPPING & PARTNERS              ,PORTSTEWART MEDICAL CENTRE,32 MILL ROAD,PORTSTEWART,BT55 7SW,Northern,4238
382,Dr. GORMAN & PARTNERS               ,MEADOWBRIDGE SURGERY,SLAUGHTERFORD ROAD,"WHITEHEAD, CARRICKFERGUS",BT38 9TG,Northern,9096
385,Dr. KERNOHAN & PARTNERS             ,OLD SCHOOL SURGERY,54 STATION ROAD,"GREENISLAND, CARRICKFERGUS",BT38 8TP,Northern,10968
387,Dr. BAIRD & PARTNERS                ,SCOTCH QUARTER PRACTICE,CARRICKFERGUS HEALTH CENTRE,TAYLORS AVENUE,BT38 7HT,Northern,7229
388,Dr. SHEPHERD & PARTNERS             ,INVER SURGERY,MOYLE MEDICAL CENTRE,"OLD GLENARM ROAD, LARNE",BT40 1XH,Northern,5218
389,Dr. MCILROY & PARTNERS              ,CORRAN SURGERY,MOYLE MEDICAL CENTRE,"OLD GLENARM ROAD, LARNE",BT40 1XH,Northern,7965
390,Dr. MCALLISTER & PARTNERS           ,CASTLE PRACTICE,CARRICKFERGUS HEALTH CENTRE,TAYLORS AVENUE,BT38 7HT,Northern,14803
391,Dr. FERGUSON & PARTNERS             ,VICTORIA SURGERY - LARNE,MOYLE MEDICAL CENTRE,"OLD GLENARM ROAD, LARNE",BT40 1XH,Northern,5763
393,Dr. BLACK & PARTNER                 ,LARNE HEALTH CENTRE,GLOUCESTER AVENUE,LARNE,BT40 1PB,Northern,2911
394,Dr. CALDWELL & PARTNERS             ,LARNE FAMILY PRACTICE,LARNE HEALTH CENTRE,GLOUCESTER AVENUE,BT40 1PB,Northern,5026
395,Dr. WILSON & PARTNER                ,ROCKFIELD MEDICAL CENTRE,73 DOURY ROAD,BALLYMENA,BT43 6JD,Northern,4009
396,Dr. VERCOE-ROGERS & PARTNER         ,OLD BANK SURGERY,18 BALLYMONEY ROAD,BALLYMENA,BT43 5BY,Northern,3754
401,Dr. WRAY & PARTNERS                 ,MID ULSTER HEALTH CARE C'TOWN,THE HEALTH CENTRE,52 ORRITOR ROAD,BT80 8BN,Northern,6593
402,Dr. WHITE & PARTNERS                ,DRAPERSTOWN SURGERY,6 TOBERMORE ROAD,"DRAPERSTOWN, MAGHERAFELT",BT45 7AG,Northern,8597
404,Dr. DALZELL & PARTNERS              ,COAGH MEDICAL CENTRE,67 URBAL ROAD,COAGH,BT80 0DP,Northern,5370
405,Dr. MCKEEVER & PARTNERS             ,LOY MEDICAL CENTRE,8 LOY STREET,COOKSTOWN,BT80 8PE,Northern,5850
406,Dr. WALLS & PARTNERS                ,GARDEN STREET SURGERY,29 GARDEN STREET,MAGHERAFELT,BT45 5DD,Northern,9573
407,Dr. BROWN & PARTNERS                ,OAKS FAMILY PRACTICE CENTRE,48 ORRITOR ROAD,COOKSTOWN,BT80 8BH,Northern,7901
409,Dr. FITZSIMONS & PARTNERS           ,STEWARTSTOWN HEALTH CENTRE,50 HILLHEAD,"STEWARTSTOWN, DUNGANNON",BT71 5HY,Northern,5931
410,Dr. SHAW & PARTNERS                 ,MAGHERA MEDICAL CENTRE,25 CHURCH STREET,MAGHERA,BT46 5EA,Northern,8583
412,Dr. MORRIS & PARTNERS               ,THE DIAMOND MEDICAL CENTRE,MARKET SQUARE,MAGHERAFELT,BT45 6ED,Northern,9192
413,Dr. GRAHAM                          ,DR GRAHAM'S SURGERY,LOY BUILDINGS,18 LOY STREET,BT80 8PE,Northern,2604
417,Dr. HINDS & PARTNERS                ,CASTLEDAWSON SURGERY,STATION ROAD,"CASTLEDAWSON, MAGHERAFELT",BT45 8AZ,Northern,7324
419,Dr. HUNTER                          ,FAIR HILL HEALTH CENTRE,1 FAIRHILL ROAD,MAGHERAFELT,BT45 6BL,Northern,1845
420,Dr. KURIACOSE & PARTNERS            ,MONEYMORE MEDICAL PRACTICE,1 FAIRHILL,MONEYMORE,BT45 7LJ,Northern,6003
431,Dr. MEENAN & PARTNERS               ,WHITEHOUSE MEDICAL GROUP PRAC,"UNIT 29A, 1ST FLR ABBEYCENTRE",LONGWOOD ROAD,BT37 9UH,Northern,9528
433,Dr. RAFFERTY & PARTNERS             ,BALLYCLARE GROUP PRACTICE,BALLYCLARE HEALTH CENTRE,GEORGE AVENUE,BT39 9HL,Northern,15245
434,Dr. HENDRON & PARTNERS              ,ABBOTS CROSS MEDICAL PRACTICE,92 DOAGH ROAD,NEWTOWNABBEY,BT37 9QW,Northern,8224
438,Dr. BEIRNE & PARTNERS               ,TRAMWAYS MEDICAL CENTRE,FARMLEY ROAD,NEWTOWNABBEY,BT36 7XX,Northern,10319
440,Dr. DORAN & PARTNERS                ,NOTTING HILL MEDICAL PRACTICE,95 DOAGH ROAD,NEWTOWNABBEY,BT37 9QN,Northern,10307
451,Dr. CLARKE & PARTNERS               ,THE LAKES FAMILY PRACTICE,BROWNLOW HEALTH CENTRE,1 LEGAHORY CENTRE,BT65 5BE,Southern,6491
453,Dr. MCCLOSKEY & PARTNERS            ,BANBRIDGE GROUP SURGERY,1 OLD HOSPITAL ROAD,BANBRIDGE,BT32 3GN,Southern,4350
454,Dr. HUEY & PARTNERS                 ,THE SURGERY,11 MAIN STREET,"LOUGHBRICKLAND, BANBRIDGE",BT32 3NQ,Southern,8837
455,Dr. MAGOWAN & PARTNERS              ,GILFORD HEALTH CENTRE,CASTLEVIEW,"GILFORD, CRAIGAVON",BT63 6JS,Southern,5892
457,Dr. DE ALWIS & PARTNERS             ,WYNNE HILL SURGERY,51 HILL STREET,"LURGAN, CRAIGAVON",BT66 6BW,Southern,11408
458,Dr. TROUGHTON & PARTNERS            ,WATERSIDE MEDICAL PRACTICE,PORTADOWN HEALTH&CARE CENTRE,TAVANAGH AVENUE,BT62 3BU,Southern,4989
460,Dr. HUNTER & PARTNER                ,DONAGHCLONEY SURGERY,60A MAIN STREET,DONAGHCLONEY,BT66 7LR,Southern,4420
461,Dr. CLARKE & PARTNERS               ,MEADOWS FAMILY PRACTICE,THE HEALTH CENTRE,TAVANAGH AVENUE,BT62 3BU,Southern,4158
462,Dr. EAKIN & PARTNERS                ,HIGH STREET SURGERY,60 HIGH STREET,LURGAN,BT66 8BA,Southern,9860
463,Dr. PATTERSON & PARTNERS            ,LURGAN MEDICAL PRACTICE,7 MOORES LANE,"LURGAN, CRAIGAVON",BT66 8DW,Southern,5053
464,Dr. O'CONNOR & PARTNERS             ,PORTADOWN HEALTH&CARE CENTRE,TAVANAGH AVENUE,"PORTADOWN, CRAIGAVON",BT62 3BU,Southern,4965
465,Dr. THOMPSON & PARTNERS             ,CHURCH WALK SURGERY,28 CHURCH WALK,NULL,BT67 9AA,Southern,8718
467,Dr. MCAULEY & PARTNERS              ,WILLIAM STREET SURGERY,87/89 WILLIAM STREET,NULL,BT66 6JB,Southern,5514
469,Dr. AULD & PARTNERS                 ,BANBRIDGE GROUP SURGERY,1 OLD HOSPITAL ROAD,BANBRIDGE,BT32 3GN,Southern,9095
470,Dr. SHARPE & PARTNERS               ,RIVERSIDE PRACTICE,PORTADOWN HEALTH&CARE CENTRE,TAVANAGH AVENUE,BT62 3BU,Southern,13608
471,Dr. MCNIFF & PARTNERS               ,BANBRIDGE GROUP SURGERY,1 OLD HOSPITAL ROAD,BANBRIDGE,BT32 3GN,Southern,7972
472,Dr. MULLAN & PARTNER                ,SCARVA STREET SURGERY,60 SCARVA STREET,"LOUGHBRICKLAND, BANBRIDGE",BT32 3NH,Southern,3279
473,Dr. DAVIS & PARTNERS                ,MOIRA SURGERY,52 MAIN STREET,MOIRA,BT67 0LQ,South Eastern,10128
474,Dr. BEATTY & PARTNERS               ,DROMORE DOCTORS SURGERY,SKEAGH HOUSE,15 BANBRIDGE ROAD,BT25 1NB,Southern,8307
475,Dr. WILSON & PARTNERS               ,AGHALEE SURGERY,8a LURGAN ROAD,AGHALEE,BT67 0DD,South Eastern,5656
476,Dr. LUTTON & PARTNERS               ,BALLYWARD SURGERY,32 STATION ROAD,BALLYWARD,BT31 9TU,Southern,2793
477,Dr. WILLIAMSON & PARTNERS           ,ORCHARD FAMILY PRACTICE,PORTADOWN HEALTH&CARE CENTRE,TAVANAGH AVE,BT62 3BU,Southern,5121
478,Dr. HAGAN & PARTNERS                ,BANNVIEW MEDICAL PRACTICE,PORTADOWN H & C CENTRE,TAVANAGH AVENUE,BT62 3BU,Southern,4847
479,Dr. BURNETT & PARTNERS              ,PORTADOWN HEALTH&CARE CENTRE,TAVANAGH AVENUE,"PORTADOWN, CRAIGAVON",BT62 3BU,Southern,9462
482,Dr. MCCLOSKEY & PARTNERS            ,THE OLD SCHOOL HOUSE SURGERY,1 ANTRIM ROAD,"LURGAN, CRAIGAVON",BT67 9BW,Southern,5343
491,Dr. MARSHALL & PARTNERS             ,ABBEY COURT SURGERY,DOBBIN LANE,NULL,BT61 7QG,Southern,8269
493,Dr. JOHNSTON & PARTNER              ,MID ULSTER HEALTH CARE (DUN),SOUTH TYRONE HOSPITAL,CARLAND ROAD,BT71 4AU,Southern,8699
494,Dr. ELLIOTT & PARTNER               ,THE VALLEY MEDICAL PRACTICE,20 COONEEN ROAD,NULL,BT75 0ND,Southern,4329
495,Dr. CARSON & PARTNERS               ,CAMPBELL SURGERY,10 QUARRY LANE,NULL,BT70 1HX,Southern,11204
497,Dr. MCCOLLUM & PARTNERS             ,WILLOWBANK SURGERY,WILLOWBANK,KEADY,BT60 3RL,Southern,9501
498,Dr. MCSHANE & PARTNERS              ,MCSHANE AND CAMPBELL PRACTICE,"MOY HEALTH CENTRE, CHARLEMONT STREET",MOY,BT71 7SL,Southern,3858
499,Dr. POTTER & PARTNERS               ,ERRIGAL MEDICAL CENTRE,OLD DUNGANNON ROAD,"BALLYGAWLEY,DUNGANNON",BT70 2EY,Southern,4504
500,Dr. HERRON & PARTNER                ,22 BARRACK STREET,COALISLAND,DUNGANNON,BT71 4LS,Southern,2468
501,Dr. MCCONVILLE & PARTNER            ,MOY MEDICAL PRACTICE,CHARLEMONT STREET,MOY,BT71 7SL,Southern,2789
502,Dr. CARLILE & PARTNERS              ,TYNAN SURGERY,15 DARTAN REE,TYNAN,BT60 4QT,Southern,6043
503,Dr. WEBSTER & PARTNERS              ,MARKETHILL HEALTH CENTRE,NEWRY STREET,"MARKETHILL, ARMAGH",BT60 1TA,Southern,6502
504,Dr. CLEARY & PARTNER                ,MOY MEDICAL CENTRE,CHARLEMONT STREET,"MOY, DUNGANNON",BT71 7SL,Southern,3665
505,Dr. GARLAND & PARTNERS              ,PARKVIEW SURGERY,"SOUTH TYRONE HOSPITAL SITE, CARLAND ROAD,",DUNGANNON,BT71 4AU,Southern,9205
506,Dr. POTTER                          ,AUGHNACLOY HEALTH CENTRE,2 SYDNEY LANE,AUGHNACLOY,BT69 6AF,Southern,5143
507,Dr. WATTERS                         ,THE HEALTH CENTRE KEADY,24A TASSAGH ROAD,KEADY,BT60 3TU,Southern,2708
508,Dr. PICKERING & PARTNER             ,TANDRAGEE MEDICAL CENTRE,3 MONTAGUE STREET,"TANDRAGEE, CRAIGAVON",BT62 2AN,Southern,3693
509,Dr. MCKAY & PARTNERS                ,ARDMORE MEDICAL PRACTICE,57 THOMAS STREET,DUNGANNON,BT70 1HW,Southern,6754
512,Dr. O'DONNELL & PARTNER             ,COALISLAND MEDICAL CENTRE,15 BARRACK STREET,"COALISLAND, DUNGANNON",BT71 4LS,Southern,4444
514,Dr. GARVIN & PARTNERS               ,THE ARCHWAY SURGERY,DOBBIN LANE,ARMAGH,BT61 7QG,Southern,8479
515,Dr. QUINN & PARTNERS                ,RICHHILL HEALTH CENTRE,"6 GREENVIEW, MAYNOOTH ROAD","RICHHILL, ARMAGH",BT61 9PD,Southern,5483
516,Dr. O'HAGAN & PARTNERS              ,THE FRIARY SURGERY,DOBBIN LANE,ARMAGH,BT61 7QG,Southern,9021
519,Dr. MITCHEL & PARTNER               ,COALISLAND HEALTH CENTRE,10A LINESIDE,"COALISLAND, DUNGANNON",BT71 4LP,Southern,4178
526,Dr. MULLIGAN & PARTNERS             ,CORNMARKET SURGERY,NEWRY HEALTH VILLAGE,"MONAGHAN STREET, NEWRY",BT35 6BW,Southern,4851
528,Dr. FEE                             ,THE HEALTH CENTRE,MCCORMICK PLACE,"CROSSMAGLEN, NEWRY",BT35 9HD,Southern,4771
529,Dr. FLOOD & PARTNERS                ,CORNMARKET SURGERY,NEWRY HEALTH VILLAGE,"MONAGHAN STREET, NEWRY",BT35 6BW,Southern,6674
530,Dr. MEGAW & PARTNER                 ,THE HEALTH CENTRE,JOHN STREET,"RATHFRILAND, NEWRY",BT34 5QH,Southern,3042
531,Dr. ALLEN & PARTNERS                ,THE OLD FORGE SURGERY,14 KILKEEL ROAD,ANNALONG,BT34 4TH,Southern,4319
532,Dr. JADCZAK & PARTNER               ,KILKEEL PRIMARY CARE CENTRE,GREENCASTLE STREET,"KILKEEL, NEWRY",BT34 4BH,Southern,5608
533,Dr. VETTIANKAL                      ,MEIGH SURGERY,5B DRUMINTEE ROAD,"KILLEAVY, NEWRY",BT35 8JT,Southern,2965
534,Dr. KING & PARTNERS                 ,CLANRYE SURGERY,NEWRY HEALTH VILLAGE,"MONAGHAN STREET, NEWRY",BT35 6BW,Southern,9302
535,Dr. WADE & PARTNERS                 ,RATHFRILAND HEALTH CENTRE,JOHN STREET,"RATHFRILAND, NEWRY",BT34 5QH,Southern,4447
536,Dr. BINGHAM & PARTNERS              ,SUMMER HILL SURGERY,WARRENPOINT HEALTH CENTRE,50 GREAT GEORGES STREET,BT34 3HS,Southern,8560
537,Dr. MCVERRY & PARTNERS              ,MCVERRY/MCEVOY MEDICAL CENTRE,NEWRY HEALTH VILLAGE,"MONAGHAN STREET, NEWRY",BT35 6BW,Southern,9758
539,Dr. FORSHAW & PARTNERS              ,CLANRYE SURGERY,NEWRY HEALTH VILLAGE,"MONAGHAN STREET, NEWRY",BT35 6BW,Southern,4515
540,Dr. O'NEILL & PARTNERS              ,MEADOWLANDS SURGERY,MONAGHAN STREET,NEWRY,BT35 6BW,Southern,7086
542,Dr. LAMBE & PARTNERS                ,NEWTOWNHAMILTON SURGERY,53 DUNDALK STREET,NEWTOWNHAMILTON,BT35 0PB,Southern,4039
543,Dr. MURPHY & PARTNERS               ,THE HEALTH CENTRE,SUMMERHILL,"WARRENPOINT, NEWRY",BT34 3JD,Southern,4982
544,Dr. MCKINLEY & PARTNERS             ,CORNMARKET SURGERY,NEWRY HEALTH VILLAGE,"MONAGHAN STREET, NEWRY",BT35 6BW,Southern,7338
545,Dr. MAGUIRE                         ,MAPHONER SURGERY,2A FORKHILL ROAD,"MULLAGHBAWN, NEWRY",BT35 9RA,Southern,5334
546,Dr. MCKERNAN & PARTNER              ,BESSBROOK SURGERY,7A CONVENT HILL,"BESSBROOK, NEWRY",BT35 7AW,Southern,2466
547,Dr. SHANNON & PARTNER               ,THE HEALTH CENTRE,JOHN STREET,"RATHFRILAND, NEWRY",BT34 5QH,Southern,3714
549,Dr. MULHOLLAND & PARTNERS           ,NEWTOWNHAMILTON HEALTH CENTRE,2A MARKETHILL ROAD,"NEWTOWNHAMILTON, NEWRY",BT35 0BE,Southern,4554
551,Dr. ALLEN & PARTNER                 ,RATHKEELAND HOUSE,1 BLANEY ROAD,"CROSSMAGLEN, NEWRY",BT35 9JJ,Southern,4263
553,Dr. BONNER & PARTNER                ,MARINA SURGERY,15 HAVELOCK PLACE,"WARRENPOINT, NEWRY",BT34 3NE,Southern,2219
554,Dr. POOTS & PARTNERS                ,MOURNE FAMILY SURGERY,"MOURNE HOSPITAL, NEWRY STREET","KILKEEL,NEWRY",BT34 4DN,Southern,4450
556,Dr. DILLON & PARTNERS               ,SHANLIEVE SURGERY,"KILKEEL PRIMARY CARE CENTRE, GREENCASTLE STREET",KILKEEL,BT34 4BH,Southern,3462
557,Dr. PATTERSON & PARTNERS            ,Arbor Family Practice,Brownlow Health Centre,"1 LEGAHORY CENTRE, LEGAHORY, CRAIGAVON",BT65 5BE,Southern,3034
562,Dr. MAGUIRE & PARTNERS              ,THE HEALTH CENTRE,ERNE ROAD,ENNISKILLEN,BT74 6NN,Western,4275
563,Dr. MULLIGAN                        ,DEVENISH PRACTICE,ERNE HEALTH CENTRE,ERNE ROAD,BT74 6NN,Western,4050
564,Dr. MEADE & PARTNERS                ,LAKESIDE MEDICAL PRACTICE,ERNE HEALTH CENTRE,ERNE ROAD,BT74 6NN,Western,7153
566,Dr. MCCAW & PARTNERS                ,IRVINESTOWN HEALTH CENTRE,CHURCH STREET,IRVINESTOWN,BT94 1EH,Western,7598
568,Dr. MALLON & PARTNER                ,THE HEALTH CENTRE,ERNE ROAD,ENNISKILLEN,BT74 6NN,Western,2965
571,Dr. CATHCART & PARTNERS             ,THE HEALTH CENTRE,ERNE ROAD,ENNISKILLEN,BT74 6NN,Western,7445
574,Dr. PORTEOUS & PARTNERS             ,MAPLE HEALTHARE,LISNASKEA HEALTH CENTRE,44 DRUMHAW PARK,BT92 0FP,Western,14173
576,Dr. HERDMAN & PARTNERS              ,RATHMORE CLINIC,9 MAIN STREET,RATHMORE,BT93 3FY,Western,3892
584,Dr. CROMIE & PARTNERS               ,BROOKEBOROUGH & TEMPO PRIMARY CARE SERVICES,9 TANYARD LANE,"BROOKEBOROUGH, ENNISKILLEN",BT94 4JG,Western,7517
585,Dr. CUNNINGHAM & PARTNERS           ,CUILCAGH MEDICAL PRACTICE,DRUMLAGHY,FLORENCECOURT,BT92 1BZ,Western,8088
596,Dr. COSGROVE & PARTNERS             ,CITYVIEW MEDICAL,WATERSIDE HEALTH CENTRE,127 SPENCER ROAD,BT47 6AH,Western,9975
597,Dr. OLLERENSHAW & PARTNERS          ,BOVALLY MEDICAL PRACTIE,2 ROSSAIR ROAD,LIMAVADY,BT49 0TE,Western,5999
598,Dr. DURAND & PARTNERS               ,QUAYSIDE MEDICAL PRACTICE,80 - 84 STRAND ROAD,LONDONDERRY,BT48 7NN,Western,12036
599,Dr. O'DONNELL & PARTNERS            ,"PARK MEDICAL, THE HEALTH CENTRE",GREAT JAMES STREET,LONDONDERRY,BT48 7DH,Western,8444
600,Dr. GALLAGHER & PARTNERS            ,CLAUDY HEALTH CENTRE,38a IRWIN CRESCENT,CLAUDY,BT47 4AB,Western,5041
601,Dr. ROBINSON & PARTNERS             ,MOURNESIDE MEDICAL CENTRE,1A BALLYCOLMAN AVENUE,STRABANE,BT82 9AF,Western,10792
602,Dr. DOOHAN & PARTNERS               ,OAKLEAF MEDICAL PRACTICE,GREAT JAMES STREET,LONDONDERRY,BT48 7DH,Western,10800
603,Dr. KNOX & PARTNER                  ,THE HEALTH CENTRE,FEENY,LONDONDERRY,BT47 4TD,Western,6126
604,Dr. O'KELLY & PARTNERS              ,ABERFOYLE MEDICAL PRACTICE,120 STRAND ROAD,LONDONDERRY,BT48 7NY,Western,11342
605,Dr. FULLERTON & PARTNER             ,DONEMANA SURGERY,256 BERRYHILL ROAD,DONEMANA,BT82 0NB,Western,4188
606,Dr. BANKHEAD & PARTNERS             ,BRIDGE STREET MEDICAL CENTRE,BRIDGE STREET,LONDONDERRY,BT48 6LD,Western,4814
608,Dr. BLACK & PARTNERS                ,ABBEY MEDICAL PRACTICE,ABBEY STREET,LONDONDERRY,BT48 9DN,Western,6859
609,Dr. PRATT & PARTNERS                ,ROSSAIR FAMILY PRACTICE,BOVALLY MEDICAL CENTRE,2 ROSSAIR ROAD,BT49 0TE,Western,6460
610,Dr. O'FLAHERTY & PARTNERS           ,"RIVERSIDE PRACTICE, STRABANE",STRABANE HEALTH CENTRE,UPPER MAIN STREET,BT82 8AS,Western,7818
614,Dr. WARNOCK & PARTNERS              ,DUNGIVEN FAMILY PRACTICE,DUNGIVEN HEALTH CENTRE,1 CHAPEL ROAD,BT47 4RS,Western,3607
615,Dr. LALSINGH & PARTNERS             ,CLARENDON MEDICAL,35 NORTHLAND AVENUE,LONDONDERRY,BT48 7GW,Western,11108
616,Dr. O'HARE & PARTNERS               ,WESTERN RURAL HEALTHCARE,CASTLEDERG GROUP SURGERY,"13A LOWER STRABANE ROAD, CASTLEDERG",BT81 7AZ,Western,15708
618,Dr. DOHERTY & PARTNER               ,49 CLARENDON STREET,LONDONDERRY,NULL,BT48 7ER,Western,2808
619,Dr. QUINN & PARTNERS                ,THE HEALTH CENTRE,SCROGGY ROAD,LIMAVADY,BT49 0NA,Western,5847
620,Dr. ETHERSON & PARTNERS             ,"FAMILY PRACTICE, STRABANE",STRABANE HEALTH CENTRE,1A UPPER MAIN STREET,BT82 8AS,Western,6568
621,Dr. DEANE & PARTNER                 ,NORTHSIDE MEDICAL PRACTICE,"SHANTALLOW HEALTH CENTRE, RACECOURSE ROAD",LONDONDERRY,BT48 8NL,Western,3649
622,Dr. DEVLIN & PARTNERS               ,RACECOURSE MEDICAL GROUP,SHANTALLOW HEALTH CENTRE,RACECOURSE ROAD,BT48 8NL,Western,4773
623,Dr. ORR & PARTNERS                  ,FOYLESIDE FAMILY PRACTICE,BRIDGE STREET MEDICAL CENTRE,30 BRIDGE STREET,BT48 6LD,Western,5912
624,Dr. O'FLAHERTY & PARTNERS           ,"GLENDERMOTT MEDICAL, WATERSIDE HEALTH CENTRE",127 SPENCER ROAD,LONDONDERRY,BT47 6AH,Western,7991
625,Dr. MCEVOY & PARTNERS               ,BAYVIEW MEDICAL PRACTICE,RATH MOR CENTRE,BLIGH'S LANE,BT48 0LZ,Western,3986
626,Dr. DOLAN & PARTNERS                ,"RIVERFRONT MEDICAL, WATERSIDE HEALTH CENTRE",127 SPENCER ROAD,LONDONDERRY,BT47 6AH,Western,8645
627,Dr. PATTERSON & PARTNERS            ,EGLINTON MEDICAL PRACTICE,29 MAIN STREET,EGLINTON,BT47 3AB,Western,7818
629,Dr. THOMASIUS & PARTNERS            ,ROE FAMILY PRACTICE,LIMAVADY HEALTH CENTRE,SCROGGY ROAD,BT49 0NA,Western,6953
651,Dr. SWEENEY & PARTNERS              ,FINTONA MEDICAL CENTRE,33 DROMORE ROAD,FINTONA,BT78 2BB,Western,6859
652,Dr. RITCHIE & PARTNER               ,DRUMQUIN SURGERY  DR RICHIE,2H MAIN STREET,DRUMQUIN,BT78 4SB,Western,1937
654,Dr. QUINN & PARTNERS                ,GRANGE FAMILY PRACTICE,OMAGH HOSPITAL AND PCC,7 DONAGHANIE ROAD,BT79 0NR,Western,6761
655,Dr. SCULLY                          ,DRUMQUIN HEALTHCARE,23 OMAGH ROAD,NULL,BT78 4QY,Western,1500
657,Dr. O'NEILL & PARTNERS              ,THREE SPIRES SURGERY,7 DONAGHANIE ROAD,OMAGH,BT79 0NR,Western,10227
660,Dr. CORRY & PARTNERS                ,CARRICKMORE HEALTH CENTRE,TERMON ROAD,NULL,BT79 9JR,Western,9547
661,Dr. MORGAN                          ,DROMORE SURGERY,16 CAMDERRY ROAD,NULL,BT78 3AU,Western,5761
662,Dr. GORMLEY & PARTNERS              ,DRUMRAGH FAMILY PRACTICE,OMAGH HOSPITAL AND PCC,7 DONAGHANIE ROAD,BT79 0NR,Western,10828
663,Dr. DEEHAN & PARTNER                ,STRULE MEDICAL,OMAGH HOSPITAL AND PCC,DONAGHANIE ROAD,BT79 0NR,Western,3233
664,Dr. MCAULEY                         ,SPERRIN FAMILY PRACTICE,41 MAIN STREET,NULL,BT79 8DL,Western,3364
