PracNo,PracticeName,Address1,Address2,Address3,Postcode,LCG,Registered_Patients
1,Dr. HOEY & PARTNERS                 ,HARLAND MEDICAL PRACTICE,HOLYWOOD ARCHES HEALTH CENTRE,WESTMINSTER AVENUE,BT4 1NS,Belfast,6746
3,Dr. MCCUTCHEON & PARTNERS           ,GREENWAY PRACTICE,HOLYWOOD ARCHES HC 2ND FLOOR,WESTMINSTER AVENUE,BT4 1NS,Belfast,7122
6,Dr. MCIVOR & PARTNERS               ,CARRYDUFF SURGERY,HILLSBOROUGH ROAD,CARRYDUFF,BT8 8HR,Belfast,11559
10,Dr. WILSON & PARTNERS               ,TEMPLEMORE MEDICAL CENTRE,225 ALBERTBRIDGE ROAD,BELFAST,BT5 4PX,Belfast,5567
14,Dr. COULTER & PARTNERS              ,KERRSLAND SURGERY,169 UPPER NEWTOWNARDS ROAD,BELFAST,BT4 3HZ,Belfast,8655
15,Dr. FINNEY & PARTNERS               ,HOLYWOOD ROAD SURGERY,54 HOLYWOOD ROAD,BELFAST,BT4 1NT,Belfast,5556
16,Dr. MCCANN & PARTNERS               ,KNOCK MEDICAL CENTRE,423B UPPER NEWTOWNARDS ROAD,BELFAST,BT4 3LH,Belfast,6294
17,Dr. LARGE & PARTNERS                ,CONNSWATER FAMILY PRACTICE,THE ARCHES CENTRE,WESTMINSTER AVENUE,BT4 1NS,Belfast,5421
18,Dr. MCCONVILLE & PARTNERS           ,BRIDGES FAMILY PRACTICE,2-6 BRYSON STREET,BELFAST,BT5 4ES,Belfast,7780
19,Dr. MITCHELL & PARTNERS             ,LINEN COURT SURGERY,336 BEERSBRIDGE ROAD,BELFAST,BT5 5DY,Belfast,4424
20,Dr. LUA & PARTNERS                  ,LEWIS SQUARE PRACTICE,HOLYWOOD ARCHES HEALTH CENTRE,WESTMINSTER AVENUE,BT4 1NS,Belfast,4167
24,Dr. MCCLOSKEY & PARTNERS            ,THE MOUNT GROUP PRACTICE,50 CASTLEREAGH STREET,BELFAST,BT5 4NH,Belfast,4031
28,Dr. GALLAGHER & PARTNERS            ,THE VICTORIA PRACTICE,HOLYWOOD ARCHES HEALTH CENTRE,WESTMINSTER AVENUE,BT4 1NS,Belfast,3416
29,Dr. LEITCH & PARTNERS               ,CASTLEREAGH MEDICAL CENTRE,21 BALLYGOWAN ROAD,BELFAST,BT5 7LH,Belfast,5223
30,Dr. THOMPSON & PARTNERS             ,EASTSIDE SURGERY,56 TEMPLEMORE AVENUE,BELFAST,BT5 4FT,Belfast,2686
31,Dr. COOKE & PARTNERS                ,DUNDONALD MEDICAL CENTRE,16 CHURCH ROAD,"DUNDONALD, BELFAST",BT16 2LN,Belfast,7300
32,Dr. KELLY & PARTNERS                ,WILLOWFIELD SURGERY,50/52 CASTLEREAGH ROAD,BELFAST,BT5 5FP,Belfast,4128
33,Dr. RODGERS & PARTNERS              ,WOODSTOCK MEDICAL CENTRE,222 WOODSTOCK ROAD,BELFAST,BT6 9DL,Belfast,5361
37,Dr. MONCRIEFF & PARTNERS            ,CHERRYVALLEY GROUP PRACTICE,CHERRYVALLEY HEALTH CENTRE,KINGS SQUARE,BT5 7BP,Belfast,6799
38,Dr. ABERNETHY                       ,CHERRYVALLEY FAMILY PRACTICE,CHERRYVALLEY HEALTH CENTRE,KINGS SQUARE,BT5 7BP,Belfast,2006
52,Dr. SAVAGE & PARTNER                ,ALBERTVILLE SURGERY,16 MCCANDLESS STREET,CRUMLIN ROAD,BT13 1RU,Belfast,2805
53,Dr. COLGAN                          ,DR COLGAN,FALLS ROAD SURGERY,463 FALLS ROAD,BT12 6DD,Belfast,3398
55,Dr. O'KANE                          ,O'KANE PRACTICE,CRUMLIN ROAD HEALTH CENTRE,94-100 CRUMLIN ROAD,BT14 6AR,Belfast,1170
57,Dr. CAMPBELL & PARTNER              ,MCHUGH - CAMPBELL PRACTICE,MAUREEN SHEEHAN CENTRE BUILD 2,106 ALBERT STREET,BT12 4HL,Belfast,5194
58,Dr. FARNAN & PARTNERS               ,THE GROUP SURGERY,257 NORTH QUEEN STREET,BELFAST,BT15 1HS,Belfast,5962
60,Dr. BURNS & PARTNERS                ,DUNCAIRN MEDICAL PRACTICE,165 DUNCAIRN GARDENS,BELFAST,BT15 2GE,Belfast,4176
61,Dr. CROSSIN & PARTNERS              ,CROSSIN HIGGINS & MCMULLAN,CARRICK HILL MEDICAL CENTRE,1 CARRICK HILL,BT1 2JR,Belfast,9237
62,Dr. GARDINER & PARTNER              ,GARDINER FAMILY PRACTICE,CRUMLIN ROAD HEALTH CENTRE,100 CRUMLIN ROAD,BT14 6AR,Belfast,1319
63,Dr. COYLE & PARTNER                 ,WILLOW MEDICAL PRACTICE,155A ANDERSONSTOWN ROAD,BELFAST,BT11 9EA,Belfast,3149
64,Dr. DONAGHY & PARTNERS              ,DUNVILLE HEALTH CENTRE,309 GROSVENOR ROAD,BELFAST,BT12 4LP,Belfast,4246
66,Dr. DURKAN & PARTNERS               ,PARKSIDE SURGERY,GROVE WELLBEING CENTRE,120 YORK ROAD,BT15 3HF,Belfast,7031
68,Dr. CARDWELL & PARTNERS             ,SHANKILL SURGERY,136-138 SHANKILL ROAD,BELFAST,BT13 2BD,Belfast,2584
70,Dr. CHAMBERS & PARTNERS             ,BALLYSILLAN GROUP PRACTICE,156-158 BALLYSILLAN ROAD,BELFAST,BT14 7QR,Belfast,5684
71,Dr. LEAVY & PARTNERS                ,SPRINGVALE MEDICAL PRACTICE,463 SPRINGFIELD ROAD,BELFAST,BT12 7DP,Belfast,6592
72,Dr. AGAHI & PARTNERS                ,MOUNTAINVIEW SURGERY,585 CRUMLIN ROAD,BELFAST,BT14 7GB,Belfast,2165
73,Dr. CLULOW & PARTNER                ,CRUMLIN ROAD FAMILY PRACTICE,CRUMLIN ROAD HEALTH CENTRE,94-100 CRUMLIN ROAD,BT14 6AR,Belfast,2127
74,Dr. BEATTIE & PARTNER               ,NORTHGATE FAMILY PRACTICE,36 DUNCAIRN GARDENS,BELFAST,BT15 2GH,Belfast,2684
75,Dr. MCCLOSKEY & PARTNERS            ,GROSVENOR ROAD SURGERY,216 GROSVENOR ROAD,BELFAST,BT12 5LT,Belfast,9784
79,Dr. LOGAN & PARTNERS                ,SPRINGFIELD ROAD SURGERY,70 SPRINGFIELD ROAD,BELFAST,BT12 7AH,Belfast,9036
80,Dr. CONWAY & PARTNERS               ,EDEN PARK MEDICAL PRACTICE,EVERTON COMPLEX,585-587 CRUMLIN ROAD,BT14 7GB,Belfast,7701
81,Dr. MCHUGH & PARTNERS               ,SPRINGFIELD MEDICAL CENTRE,44-46 SPRINGFIELD ROAD,BELFAST,BT12 7AH,Belfast,7007
83,Dr. BRANNICK & PARTNERS             ,GROVE MEDICAL PRACTICE,GROVE WELL BEING CENTRE,120 YORK ROAD,BT15 3HF,Belfast,5349
84,Dr. SALTERS & PARTNERS              ,Dr. SALTERS & PARTNERS,FALLS ROAD SURGERY,186 FALLS ROAD,BT12 6AG,Belfast,3733
85,Dr. MCMAHON & PARTNERS              ,ANTRIM ROAD MEDICAL CENTRE,515 ANTRIM ROAD,BELFAST,BT15 3BS,Belfast,5806
86,Dr. HARKIN & PARTNERS               ,SALISBURY MEDICAL CENTRE,474 ANTRIM ROAD,BELFAST,BT15 5GF,Belfast,11071
92,Dr. MCFERRAN & PARTNERS             ,Drs McFERRAN & PARTNERS,BALLYOWEN HEALTH CENTRE,179 ANDERSONSTOWN ROAD,BT11 9EA,Belfast,5125
93,Dr. CURRAN SWEENEY & PARTNERS,CLIFTONVILLE MEDICAL PRACTICE,61 CLIFTONVILLE ROAD,BELFAST,BT14 6JN,Belfast,5709
94,Dr. CUMMINGS                        ,FALLS FAMILY DOCTORS,115 FALLS ROAD,BELFAST,BT12 6AA,Belfast,7089
96,Dr. MAGENIS & PARTNERS              ,MALVERN FAMILY PRACTICE,CORNERSTONE MEDICAL CENTRE,69 SHANKILL ROAD,BT13 1FD,Belfast,5149
98,Dr. GILMORE & PARTNERS              ,LIGONIEL HEALTH CENTRE,74A LIGONIEL ROAD,BELFAST,BT14 8BY,Belfast,4021
101,Dr. KELLY & PARTNER                 ,Vere Foster Medical Group,132-136 Sandy Row,BELFAST,BT12 5EY,Belfast,4095
103,Dr. MAGUIRE & PARTNERS              ,CLIFTON STREET SURGERY,15/17 CLIFTON STREET,BELFAST,BT13 1AD,Belfast,8873
104,Dr. HUTCHINSON & PARTNERS           ,BALLYGOMARTIN GROUP PRACTICE,17 BALLYGOMARTIN ROAD,BELFAST,BT13 3BW,Belfast,7964
105,Dr. DOGGART & PARTNERS              ,CHURCH VIEW MEDICAL PRACTICE,CORNERSTONE MEDICAL CENTRE,69 SHANKILL ROAD,BT13 1FD,Belfast,5173
111,Dr. MCKENNA                         ,DR MCKENNA'S PRACTICE,2 THAMES STREET,BELFAST,BT12 6AP,Belfast,3121
113,Dr. DUGAN & PARTNER                 ,DR DUGAN'S SURGERY,173 ANDERSTOWNSTOWN ROAD,BELFAST,BT11 9EA,Belfast,4387
114,Dr. THOMPSON & PARTNERS             ,HILLHEAD FAMILY PRACTICE,33 STEWARTSTOWN ROAD,BELFAST,BT11 9FZ,Belfast,7371
116,Dr. DORAN & PARTNERS                ,CROCUS STREET SURGERY,1 CROCUS STREET,BELFAST,BT12 7AP,Belfast,4357
132,Dr. MCGLADE & PARTNERS              ,DUNLUCE FAMILY PRACTICE,1 DUNLUCE AVENUE,BELFAST,BT9 7HR,Belfast,6124
136,Dr. HAIGNEY & PARTNERS              ,MOUNT ORIEL MEDICAL PRACTICE,KNOCKBREDA WTC,110 SAINTFIELD ROAD,BT8 6GR,Belfast,8408
140,Dr. LOGAN & PARTNERS                ,ELMWOOD MEDICAL PRACTICE,DUNLUCE HEALTH CENTRE,1 DUNLUCE AVENUE,BT9 7HR,Belfast,8946
143,Dr. SHERWOOD & PARTNERS             ,THE ROWAN TREE FAMILY PRACTICE,DUNLUCE HEALTH CENTRE,1 DUNLUCE AVENUE,BT9 7HR,Belfast,6177
145,Dr. KILLINER & PARTNERS             ,KENSINGTON GROUP PRACTICE,KENSINGTON MEDICAL CENTRE,15A DONEGALL ROAD,BT12 5JJ,Belfast,9211
146,Dr. HUGHES                          ,BALMORAL SURGERY,436 LISBURN ROAD,BELFAST,BT9 6GR,Belfast,4265
147,Dr. GRACEY & PARTNERS               ,ORMEAU PARK SURGERY,281 ORMEAU ROAD,BELFAST,BT7 3GG,Belfast,7236
148,Dr. TONER & PARTNERS                ,SOUTH EAST FAMILY PRACTICE,370/372 CREGAGH ROAD,BELFAST,BT6 9EY,Belfast,8882
151,Dr. ROWNEY & PARTNERS               ,THE IRWIN PRACTICE,FINAGHY HEALTH CENTRE,13/25 FINAGHY ROAD SOUTH,BT10 0BX,Belfast,13410
153,Dr. DIAMOND & PARTNERS              ,ORMEAU ROAD HEALTH CENTRE,120 ORMEAU ROAD,BELFAST,BT7 2EB,Belfast,9576
154,Dr. MCCAULEY & PARTNERS             ,UNIVERSITY STREET SURGERY,142 - 144 UNIVERSITY STREET,BELFAST,BT7 1HH,Belfast,5275
156,Dr. COLTON & PARTNERS               ,Dr. CHAKRAVARTY & PARTNERS,BALLYOWEN HEALTH CENTRE,179 ANDERSONSTOWN ROAD,BT11 9EA,Belfast,9237
157,Dr. MCCARTNEY & PARTNERS            ,UNIVERSITY HEALTH CENTRE QUB,ELMWOOD MANSE,"7 UNIVERSITY TERRACE, BELFAST",BT7 1NP,Belfast,11324
159,Dr. BELL & PARTNERS                 ,ARDMORE MEDICAL CENTRE,485 ORMEAU ROAD,BELFAST,BT7 3GR,Belfast,5898
164,Dr. MURDOCK & PARTNER               ,CREGAGH SURGERY,36 MONTGOMERY ROAD,BELFAST,BT6 9HL,Belfast,3772
165,Dr. MCCORMACK & PARTNERS            ,NORTH PARADE MEDICAL CENTRE,6 NORTH PARADE,BELFAST,BT7 2GG,Belfast,9214
166,Dr. CULLEN                          ,BOTANIC MEDICAL CENTRE,51 BOTANIC AVENUE,BELFAST,BT7 1JL,Belfast,4146
191,Dr. SANDS & PARTNERS                ,THE MONTALTO MEDICAL CENTRE,2 DROMORE ROAD,BALLYNAHINCH,BT24 8AY,South Eastern,9789
192,Dr. MCGILL & PARTNERS               ,KILLYLEAGH SURGERY,14 DOWNPATRICK ROAD,KILLYLEAGH,BT30 9RG,South Eastern,4832
193,Dr. GREER & PARTNERS                ,DUNDRUM AND CLOUGH SURGERY,1 CASTLEWELLAN ROAD,CLOUGH,BT30 8RD,South Eastern,11194
194,Dr. HYLAND & PARTNER                ,DR HYLAND & PARTNER,CAUSEWAY SURGERY,CAUSEWAY PLACE,BT33 0DN,South Eastern,2238
195,Dr. GILPIN & PARTNER                ,DR GILPIN'S SURGERY,CAUSEWAY SURGERY,2 CAUSEWAY PLACE,BT33 0DN,South Eastern,1905
196,Dr. MURPHY & PARTNERS               ,ARDGLASS SURGERY,THE HEALTH CENTRE,DOWNPATRICK ROAD,BT30 7SF,South Eastern,3367
198,Dr. ROSS & PARTNERS                 ,SAINTFIELD HEALTH CENTRE,FAIRVIEW,SAINTFIELD,BT24 7AD,South Eastern,9701
201,Dr. LEGGETT & PARTNERS              ,DONARD FAMILY PRACTICE,56 MAIN STREET,"NEWCASTLE, CO DOWN",BT33 0AE,South Eastern,12059
202,Dr. SMALL & PARTNERS                ,STRUELL SURGERY,2 Struell Wells Road,DOWNPATRICK,BT30 6RL,South Eastern,4147
204,Dr. BOYLE & PARTNERS                ,THE GREEN SURGERY,12 THE GREEN,IRISH STREET,BT30 6BE,South Eastern,5178
205,Dr. TRAINOR & PARTNERS              ,CROSSGAR SURGERY,JAMES STREET,"CROSSGAR, DOWNPATRICK",BT30 9JU,South Eastern,4438
206,Dr. SHEVLIN & PARTNERS              ,DOWN HC,GP & PRIMARY CARE CENTRE,"1ST FLOOR, DOWN HOSPITAL",BT30 6RL,South Eastern,5272
207,Dr. CREANEY & PARTNER               ,STREAM STREET SURGERY,40 STREAM STREET,DOWNPATRICK,BT30 6DE,South Eastern,5153
221,Dr. HALL & PARTNERS                 ,HILLSBOROUGH MEDICAL PRACTICE,HEALTH CENTRE,BALLYNAHINCH ST,BT26 6AW,South Eastern,10703
222,Dr. DEVLIN & PARTNERS               ,WOODBROOKE MEDICAL PRACTICE,STEWARTSTOWN ROAD,DUNMURRY BELFAST,BT17 0FB,South Eastern,9524
223,Dr. CUPPLES & PARTNERS              ,LISBURN CITY PRACTICE,LISBURN PCCC,LAGAN VALLEY HOSPITAL,BT28 1JP,South Eastern,5839
224,Dr. CAIRNS & PARTNERS               ,DR CAIRNS & PARTNERS,LISBURN PCCC,LAGAN VALLEY HOSPITAL,BT28 1JP,South Eastern,7635
226,Dr. UREY & PARTNERS                 ,DROMARA SURGERY,BEGNEY HILL ROAD,DROMARA,BT25 2AT,South Eastern,8491
227,Dr. O'KANE & PARTNERS               ,LINENHALL MEDICAL PRACTICE,LISBURN PCCC,LAGAN VALLEY HOSPITAL,BT28 1JP,South Eastern,12589
228,Dr. ADAMS & PARTNERS                ,LAGANVIEW MEDICAL PRACTICE,LEVEL 2 LISBURN PCCC,LAGAN VALLEY HOSPITAL & LPCCC,BT28 1JP,South Eastern,4397
229,Dr. RUDDELL & PARTNERS              ,DR RUDDELL & PARTNERS,LISBURN PCCC,LAGAN VALLEY HOSPITAL,BT28 1JP,South Eastern,9177
230,Dr. RYAN & PARTNERS                 ,DR RYAN & PARTNERS,LISBURN PCCC,LAGAN VALLEY HOSPITAL,BT28 1JP,South Eastern,5182
231,Dr. KNOX & PARTNERS                 ,DR PALMER & PARTNERS,"LEVEL 2, LISBURN PCCC",LAGAN VALLEY HOSPITAL,BT28 1JP,South Eastern,9633
232,Dr. DICK & PARTNERS                 ,THE HILL MEDICAL GROUP PRAC,192 KINGSWAY,DUNMURRY,BT17 9AL,South Eastern,8344
233,Dr. CHEUNG & PARTNERS               ,GLENAVY FAMILY PRACTICE,47 MAIN STREET,"GLENAVY, CRUMLIN",BT29 4LN,South Eastern,4547
252,Dr. GLENFIELD & PARTNERS            ,PRIORY SURGERY,26 HIGH STREET,HOLYWOOD,BT18 9AD,South Eastern,13447
253,Dr. HAYES & PARTNERS                ,REDWOOD SURGERY,THE HEALTH CENTRE,NEWTOWNARDS ROAD,BT20 4LD,South Eastern,8362
254,Dr. MARSHALL & PARTNER              ,LISBANE MEDICAL CENTRE,24 LISBARNETT ROAD,LISBANE,BT23 6AW,South Eastern,4410
255,Dr. KENNY & PARTNERS                ,"DR KENNY, MOYNIHAN & SCOTT",BANGOR HEALTH CENTRE,NEWTOWNARDS ROAD,BT20 4LD,South Eastern,5321
256,Dr. CRAIG & PARTNER                 ,ASHLEY MEDICAL CENTRE,140 GROOMSPORT ROAD,BANGOR,BT20 5PE,South Eastern,5878
257,Dr. GOLDRING & PARTNERS             ,BROOK STREET SURGERY,BROOK STREET,HOLYWOOD,BT18 9DA,South Eastern,9263
258,Dr. MANSON & PARTNERS               ,CASTLE PARK PRACTICE,BANGOR HEALTH CENTRE,NEWTOWNARDS ROAD,BT20 4LD,South Eastern,4932
259,Dr. DOYLE & PARTNERS                ,PORTAFERRY SURGERY,44 HIGH STREET,"PORTAFERRY, NEWTOWNARDS",BT22 1QT,South Eastern,6387
260,Dr. GOUGH & PARTNERS                ,CHURCH VIEW FAMILY PRACTICE,THE HEALTH CENTRE,NEWTOWNARDS ROAD,BT20 4LD,South Eastern,7532
261,Dr. NEOH & PARTNERS                 ,KILLYNETHER PRACTICE,2A FREDERICK STREET,NEWTOWNARDS,BT23 4LR,South Eastern,6097
264,Dr. KINNEAR                         ,SILVERBIRCH MEDICAL PRACTICE,39A SILVERBIRCH ROAD,BANGOR,BT19 6EU,South Eastern,2768
265,Dr. HYLAND & PARTNERS               ,THE SURGERY NEWTOWNARDS,1 CHURCH STREET,NEWTOWNARDS,BT23 4FH,South Eastern,7090
271,Dr. GREER & PARTNERS                ,OLD MILL SURGERY,CHURCH STREET,NEWTOWNARDS,BT23 4AS,South Eastern,11362
272,Dr. MCKEOWN & PARTNERS              ,THE SQUARE SURGERY,16 A THE SQUARE,COMBER,BT23 5DT,South Eastern,7109
273,Dr. WHITESIDE & PARTNERS            ,COMBER FAMILY PRACTICE,COMBER HEALTH CENTRE,5 NEWTOWNARDS ROAD,BT23 5BA,South Eastern,7800
274,Dr. MCNUTT & PARTNERS               ,BLOOMFIELD SURGERY,95 BLOOMFIELD ROAD,BANGOR,BT20 4XA,South Eastern,10293
275,Dr. WEBB & PARTNERS                 ,DR WEBB & PARTNERS,REGENCY MEDICAL CENTRE,2A FREDERICK STREET,BT23 4LR,South Eastern,5062
276,Dr. HISCOCKS & PARTNERS             ,DONAGHADEE HEALTH CENTRE,3 KILLAUGHEY ROAD,DONAGHADEE,BT21 0BU,South Eastern,9752
278,Dr. YOUNGS & PARTNERS               ,"THE SURGERY, NEWTOWNARDS",1 CHURCH STREET,NEWTOWNARDS,BT23 4FH,South Eastern,4351
280,Dr. SIMPSON & PARTNERS              ,ABBEY FAMILY PRACTICE,BANGOR HEALTH CENTRE,NEWTOWNARDS ROAD,BT20 4LD,South Eastern,5450
281,Dr. HOWE & PARTNERS                 ,CLELAND PARK SURGERY,2 CLELAND PARK,BANGOR,BT20 3EB,South Eastern,6520
282,Dr. HUGHES & PARTNERS               ,THE HEALTH CENTRE,FOWLER WAY,"BALLYWALTER, NEWTOWNARDS",BT22 2PY,South Eastern,6667
283,Dr. FERRIS & PARTNERS               ,LOUGH VIEW SURGERY,2 MAIN STREET,"KIRCUBBIN, NEWTOWNARDS",BT22 2SP,South Eastern,5759
285,Dr. GRIMSHAW & PARTNERS             ,GREEN ROAD MEDICAL CENTRE,5 GREEN ROAD,"CONLIG, NEWTOWNARDS",BT23 7PZ,South Eastern,4869
302,Dr. HUEY & PARTNERS                 ,TEMPLEPATRICK SURGERY,80 CASTLETON,TEMPLEPATRICK,BT39 0AZ,Northern,9987
303,Dr. BYRNE & PARTNERS                ,CRUMLIN MEDICAL PRACTICE,1 GLENAVY ROAD,CRUMLIN,BT29 4LA,Northern,8519
304,Dr. BUTLER & PARTNERS               ,MAINE MEDICAL AHOGHILL,THE OLD MEETING HOUSE,2 STRAID RD,BT42 2PB,Northern,5361
305,Dr. DICK & PARTNERS                 ,BERNAGHMORE MEDICAL PRACTICE,BALLYMENA HEALTH & CARE CENTRE,86 CUSHENDALL ROAD,BT43 6HB,Northern,3774
307,Dr. FIELD & PARTNERS                ,ANTRIM CASTLE SURGERY,ANTRIM HEALTH CENTRE,32A STATION ROAD,BT41 4BS,Northern,8107
308,Dr. THOMPSON & PARTNERS             ,ORIEL SURGERY,31 ORIEL ROAD,ANTRIM,BT41 4HR,Northern,7143
310,Dr. MCKELVEY & PARTNER              ,CULLYBACKEY MEDICAL PRACTICE,CULLYBACKEY HEALTH CENTRE,TOBER PARK,BT42 1NW,Northern,7295
312,Dr. HALL & PARTNER                  ,SLEMISH VIEW MEDICAL PRACTICE,BALLYMENA HEALTH & CARE CENTRE,86 CUSHENDALL ROAD,BT43 6HB,Northern,2467
313,Dr. RUSSELL & PARTNERS              ,GABLES MEDICAL CENTRE,45 WAVENEY ROAD,BALLYMENA,BT43 5BA,Northern,4069
314,Dr. DUNDEE & PARTNERS               ,WAVENEY MEDICAL PRACTICE,BALLYMENA HEALTH & CARE CENTRE,86 CUSHENDALL ROAD,BT43 6HB,Northern,4701
315,Dr. BAILIE & PARTNERS               ,BALLYMENA FAMILY PRACTICE,BALLYMENA HEALTH & CARE CENTRE,86 CUSHENDALL ROAD,BT43 6HB,Northern,3291
317,Dr. REDMOND & PARTNERS              ,BROUGHSHANE MEDICAL PRACTICE,76 MAIN STREET,BROUGHSHANE,BT42 4JA,Northern,7184
319,Dr. MCCUSKER & PARTNERS             ,PORTGLENONE HEALTH CENTRE,17 TOWNHILL ROAD,"PORTGLENONE, BALLYMENA",BT44 8AD,Northern,6760
321,Dr. MCQUILLAN & PARTNERS            ,SEVEN TOWERS SURGERY,BALLYMENA HEALTH & CARE CENTRE,86 CUSHENDALL ROAD,BT43 6HB,Northern,4381
323,Dr. BROWN & PARTNERS                ,SMITHFIELD MEDICAL CENTRE,7 SMITHFIELD PLACE,"GALGORM ROAD, BALLYMENA",BT43 5HB,Northern,2943
325,Dr. GREER & PARTNERS                ,KELLS & CONNOR MEDICAL CENTRE,36 CHURCH ROAD,"KELLS, BALLYMENA",BT42 3JU,Northern,3989
326,Dr. O'GORMAN & PARTNERS             ,THE FAMILY PRACTICE,ANTRIM HEALTH CENTRE,STATION ROAD,BT41 4BS,Northern,5721
327,Dr. KIDD & PARTNERS                 ,Dr KIDD & Dr COSGROVE,ANTRIM HEALTH CENTRE,STATION ROAD,BT41 4BS,Northern,3866
328,Dr. JOHNSTON & PARTNERS             ,MAINE MEDICAL CULLYBACKEY,"OLD MILL PARK, MAIN STREET","CULLYBACKEY, BALLYMENA",BT42 1GP,Northern,5249
330,Dr. MCKENNA & PARTNERS              ,Dr. MCKENNA & DR McCAULEY,STATION ROAD HEALTH CENTRE,STATION ROAD,BT41 4BS,Northern,4887
331,Dr. KHANNA & PARTNERS               ,BRAID FAMILY PRACTICE,BALLYMENA HEALTH & CARE CENTRE,"86 CUSHENDALL ROAD, BALLYMENA",BT43 6HB,Northern,4420
333,Dr. JOHNSTON & PARTNERS             ,TOOME SURGERY,"TOOME HOUSE, 55 MAIN STREET","TOOMEBRIDGE, ANTRIM",BT41 3TF,Northern,4116
334,Dr. O'HANLON & PARTNERS             ,RANDALSTOWN MEDICAL PRACTICE,5 NEILLSBROOK ROAD,"RANDALSTOWN, ANTRIM",BT41 3AE,Northern,10360
336,Dr. MCCLEERY & PARTNERS             ,ROSEHALL MEDICAL PRACTICE,2 MALLUSK ROAD,GLENGORMLEY,BT36 4PP,Northern,9603
337,Dr. DAVISON & PARTNERS              ,GLENGORMLEY PRACTICE,324 ANTRIM ROAD,NEWTOWNABBEY,BT36 5EQ,Northern,9052
341,Dr. MAXWELL & PARTNERS              ,RIVERSIDE MEDICAL,CASTLEROCK ROAD,COLERAINE,BT51 3HP,Northern,4780
344,Dr. TRACEY & PARTNERS               ,KILLOWEN MEDICAL CENTRE,CASTLEROCK ROAD,COLERAINE,BT51 3HP,Northern,6177
345,Dr. JOHNSTON & PARTNERS             ,BALLYMONEY FAMILY PRACTICE,BALLYMONEY HEALTH CENTRE,"21B NEWAL ROAD, BALLYMONEY",BT53 6HB,Northern,13100
346,Dr. WALLACE & PARTNERS              ,LODGE HEALTH,20 LODGE MANOR,COLERAINE,BT52 1JX,Northern,9815
349,Dr. STERNE & PARTNERS               ,THE COUNTRY MEDICAL PRACTICE,122 BALLINLEA ROAD,"ARMOY, BALLYMONEY",BT53 8TY,Northern,6209
350,Dr. JONES & PARTNERS                ,BUSHMILLS MEDICAL CENTRE,6 PRIESTLAND ROAD,BUSHMILLS,BT57 8QP,Northern,3062
351,Dr. BAILIE & PARTNERS               ,PORTRUSH MEDICAL CENTRE,17 DUNLUCE AVENUE,PORTRUSH,BT56 8DW,Northern,7523
352,Dr. CONNOR & PARTNERS               ,GARVAGH HEALTH CENTRE,110 MAIN STREET,"GARVAGH, COLERAINE",BT51 5AE,Northern,6171
354,Dr. HARLEY & PARTNER                ,PORTSTEWART FAMILY PRACTICE,6 LEVER ROAD,PORTSTEWART,BT55 7EF,Northern,3510
355,Dr. MCCORMACK & PARTNERS            ,KILREA HEALTH CENTRE,36 GARVAGH ROAD,"KILREA, COLERAINE",BT51 5QP,Northern,6815
356,Dr. BONNAR & PARTNERS               ,MOUNTSANDEL SURGERY,4 MOUNTSANDEL ROAD,COLERAINE,BT52 1JB,Northern,11331
357,Dr. MCSPARRAN & PARTNERS            ,GLENS OF ANTRIM MEDICAL CENTRE,2 GORTACLEE ROAD,"CUSHENDALL, BALLYMENA",BT44 0TE,Northern,6328
358,Dr. WHITE                           ,LIFFOCK SURGERY,69 SEA ROAD,"CASTLEROCK, COLERAINE",BT51 4TW,Northern,2822
360,Dr. HENDERSON & PARTNERS            ,RASHARKIN HEALTH CENTRE,10 MONEYLECK ROAD,"RASHARKIN, BALLYMENA",BT44 8QB,Northern,4538
361,Dr. FANNIN & PARTNERS               ,"Drs FANNIN, HUTCHINSON & BOYD",BALLYMONEY HEALTH CENTRE,ROBINSON MEMORIAL HOSPITAL,BT53 6HH,Northern,5449
366,Dr. O'KANE & PARTNERS               ,DALRIADA FAMILY PRACTICE,BALLYCASTLE HEALTH CENTRE,1A COLERAINE ROAD,BT54 6BA,Northern,4252
367,Dr. MCCURDY & PARTNERS              ,THE FROCESS MEDICAL CENTRE,56 MAIN STREET,"CLOUGHMILLS, BALLYMENA",BT44 9LF,Northern,5060
368,Dr. HEGARTY & PARTNERS              ,BALLYCASTLE MEDICAL PRACTICE,BALLYCASTLE HEALTH CENTRE,1A COLERAINE ROAD,BT54 6BA,Northern,4921
369,Dr. TURKINGTON & PARTNERS           ,PORTSTEWART MEDICAL CENTRE,32 MILL ROAD,PORTSTEWART,BT55 7SW,Northern,4251
382,Dr. GORMAN & PARTNERS               ,MEADOWBRIDGE SURGERY,SLAUGHTERFORD ROAD,"WHITEHEAD, CARRICKFERGUS",BT38 9TG,Northern,9158
385,Dr. KERNOHAN & PARTNERS             ,OLD SCHOOL SURGERY,54 STATION ROAD,"GREENISLAND, CARRICKFERGUS",BT38 8TP,Northern,11391
387,Dr. BAIRD & PARTNERS                ,SCOTCH QUARTER PRACTICE,CARRICKFERGUS HEALTH CENTRE,TAYLORS AVENUE,BT38 7HT,Northern,7298
388,Dr. KIRK & PARTNERS                 ,INVER SURGERY,MOYLE MEDICAL CENTRE,"OLD GLENARM ROAD, LARNE",BT40 1XH,Northern,5311
389,Dr. MCILROY & PARTNERS              ,CORRAN SURGERY,MOYLE MEDICAL CENTRE,"OLD GLENARM ROAD, LARNE",BT40 1XH,Northern,7900
390,Dr. HAMILTON & PARTNERS             ,CASTLE PRACTICE,CARRICKFERGUS HEALTH CENTRE,TAYLORS AVENUE,BT38 7HT,Northern,14910
391,Dr. FERGUSON & PARTNERS             ,VICTORIA SURGERY - LARNE,MOYLE MEDICAL CENTRE,"OLD GLENARM ROAD, LARNE",BT40 1XH,Northern,5713
393,Dr. BLACK & PARTNERS                ,LARNE MEDICAL PRACTICE,LARNE HEALTH CENTRE,GLOUCESTER AVENUE,BT40 1PB,Northern,8442
395,Dr. WILSON & PARTNER                ,ROCKFIELD MEDICAL CENTRE,73 DOURY ROAD,BALLYMENA,BT43 6JD,Northern,6580
396,Dr. VERCOE-ROGERS & PARTNERS        ,OLD BANK SURGERY,18 BALLYMONEY ROAD,BALLYMENA,BT43 5BY,Northern,3932
401,Dr. JOHNSTON & PARTNERS             ,MID ULSTER HEALTH CARE C'TOWN,THE HEALTH CENTRE,52 ORRITOR ROAD,BT80 8BN,Northern,6678
402,Dr. WHITE & PARTNERS                ,DRAPERSTOWN SURGERY,6 TOBERMORE ROAD,"DRAPERSTOWN, MAGHERAFELT",BT45 7AG,Northern,8802
404,Dr. DALZELL & PARTNERS              ,COAGH MEDICAL CENTRE,67 URBAL ROAD,COAGH,BT80 0DP,Northern,5662
405,Dr. MCKEEVER & PARTNERS             ,LOY MEDICAL CENTRE,8 LOY STREET,COOKSTOWN,BT80 8PE,Northern,5923
406,Dr. WALLS & PARTNERS                ,GARDEN STREET SURGERY,29 GARDEN STREET,MAGHERAFELT,BT45 5DD,Northern,9816
407,Dr. BROWN & PARTNERS                ,OAKS FAMILY PRACTICE CENTRE,48 ORRITOR ROAD,COOKSTOWN,BT80 8BH,Northern,8086
409,Dr. FITZSIMONS & PARTNERS           ,STEWARTSTOWN HEALTH CENTRE,50 HILLHEAD,"STEWARTSTOWN, DUNGANNON",BT71 5HY,Northern,6020
410,Dr. SHAW & PARTNERS                 ,MAGHERA MEDICAL CENTRE,25 CHURCH STREET,MAGHERA,BT46 5EA,Northern,8712
412,Dr. MORRIS & PARTNERS               ,THE DIAMOND MEDICAL CENTRE,MARKET SQUARE,MAGHERAFELT,BT45 6ED,Northern,8641
413,Dr. GRAHAM & PARTNER                ,"COOKSTOWN CIC, THE SURGERY",LOY BUILDINGS,18 LOY STREET,BT80 8PE,Northern,2607
417,Dr. HINDS & PARTNERS                ,CASTLEDAWSON SURGERY,STATION ROAD,"CASTLEDAWSON, MAGHERAFELT",BT45 8AZ,Northern,7770
419,Dr. HUNTER                          ,FAIR HILL SURGERY,FAIR HILL HEALTH CENTRE,1 FAIRHILL ROAD,BT45 6BL,Northern,2290
420,Dr. HEARNSHAW & PARTNERS            ,MONEYMORE MEDICAL PRACTICE,1 FAIRHILL,MONEYMORE,BT45 7LJ,Northern,6074
431,Dr. MEENAN & PARTNERS               ,WHITEHOUSE MEDICAL GROUP PRAC,"UNIT 29A, 1ST FLR ABBEYCENTRE",LONGWOOD ROAD,BT37 9UH,Northern,9783
433,Dr. RAFFERTY & PARTNERS             ,BALLYCLARE GROUP PRACTICE,BALLYCLARE HEALTH CENTRE,GEORGE AVENUE,BT39 9HL,Northern,15181
434,Dr. HENDRON & PARTNERS              ,ABBOTS CROSS MEDICAL PRACTICE,92 DOAGH ROAD,NEWTOWNABBEY,BT37 9QW,Northern,8867
438,Dr. FINNEGAN & PARTNERS             ,TRAMWAYS MEDICAL CENTRE,FARMLEY ROAD,NEWTOWNABBEY,BT36 7XX,Northern,10277
440,Dr. DORAN & PARTNERS                ,NOTTING HILL MEDICAL PRACTICE,95 DOAGH ROAD,NEWTOWNABBEY,BT37 9QN,Northern,10085
451,Dr. WILKINSON & PARTNERS            ,THE LAKES FAMILY PRACTICE,BROWNLOW HEALTH CENTRE,1 LEGAHORY CENTRE,BT65 5BE,Southern,6633
453,Dr. MCCLOSKEY & PARTNERS            ,Dr. MCCLOSKEY & PARTNERS,BANBRIDGE GROUP SURGERY,1 OLD HOSPITAL ROAD,BT32 3GN,Southern,4535
454,Dr. CUPPLES & PARTNERS              ,LOUGHBRICKLAND SURGERY,11 MAIN STREET,LOUGHBRICKLAND,BT32 3NQ,Southern,8622
455,Dr. MAGOWAN & PARTNERS              ,GILFORD HEALTH CENTRE,CASTLEVIEW,"GILFORD, CRAIGAVON",BT63 6JS,Southern,6132
457,Dr. DE ALWIS & PARTNERS             ,WYNNE HILL SURGERY,51 HILL STREET,"LURGAN, CRAIGAVON",BT66 6BW,Southern,11005
458,Dr. TROUGHTON & PARTNERS            ,WATERSIDE MEDICAL PRACTICE,PORTADOWN HEALTH&CARE CENTRE,TAVANAGH AVENUE,BT62 3BU,Southern,5006
460,Dr. HUNTER & PARTNER                ,DONAGHCLONEY SURGERY,60A MAIN STREET,DONAGHCLONEY,BT66 7LR,Southern,4593
461,Dr. CLARKE & PARTNERS               ,MEADOWS FAMILY PRACTICE,THE HEALTH CENTRE,TAVANAGH AVENUE,BT62 3BU,Southern,4452
462,Dr. FITZPATRICK & PARTNERS          ,HIGH STREET SURGERY,60 HIGH STREET,LURGAN,BT66 8BA,Southern,10253
463,Dr. PATTERSON & PARTNERS            ,LURGAN MEDICAL PRACTICE,7 MOORES LANE,"LURGAN, CRAIGAVON",BT66 8DW,Southern,5218
464,Dr. O'CONNOR & PARTNERS             ,ANNAGH FAMILY PRACTICE,PORTADOWN H & C CENTRE,TAVANAGH AVENUE,BT62 3BU,Southern,4925
465,Dr. HUNTER & PARTNERS               ,CHURCH WALK SURGERY,28 CHURCH WALK,NULL,BT67 9AA,Southern,8893
467,Dr. MCAULEY & PARTNERS              ,WILLIAM STREET SURGERY,87/89 WILLIAM STREET,NULL,BT66 6JB,Southern,5635
469,Dr. AULD & PARTNERS                 ,Dr AULD & PARTNERS,BANBRIDGE GROUP SURGERY,1 OLD HOSPITAL ROAD,BT32 3GN,Southern,9166
470,Dr. SHARPE & PARTNERS               ,RIVERSIDE PRACTICE,PORTADOWN HEALTH SC CENTRE,90 MEADOW LANE,BT62 3NJ,Southern,14058
471,Dr. MCNIFF & PARTNERS               ,Dr. MCNIFF & PARTNERS,BANBRIDGE GROUP SURGERY,1 OLD HOSPITAL ROAD,BT32 3GN,Southern,8352
472,Dr. MULLAN & PARTNERS               ,SCARVA STREET SURGERY,60 SCARVA STREET,"LOUGHBRICKLAND, BANBRIDGE",BT32 3NH,Southern,3353
473,Dr. SPENCE & PARTNERS               ,MOIRA SURGERY,52 MAIN STREET,MOIRA,BT67 0LQ,South Eastern,10426
474,Dr. BEATTY & PARTNERS               ,DROMORE DOCTORS SURGERY,SKEAGH HOUSE,15 BANBRIDGE ROAD,BT25 1NB,Southern,8397
475,Dr. BYRNE & PARTNERS                ,AGHALEE SURGERY,8a LURGAN ROAD,AGHALEE,BT67 0DD,South Eastern,6153
476,Dr. LUTTON & PARTNERS               ,BALLYWARD SURGERY,32 STATION ROAD,BALLYWARD,BT31 9TU,Southern,2796
477,Dr. WILLIAMSON & PARTNERS           ,ORCHARD FAMILY PRACTICE,PORTADOWN HEALTH&CARE CENTRE,TAVANAGH AVE,BT62 3BU,Southern,5243
478,Dr. HEGARTY & PARTNERS              ,BEECHWOOD FAMILY PRACTICE,PORTADOWN H & C CENTRE,TAVANAGH AVENUE,BT62 3BU,Southern,4850
479,Dr. BURNETT & PARTNERS              ,DR BURNETT & PARTNERS,PORTADOWN HEALTH&CARE CENTRE,TAVANAGH AVENUE,BT62 3BU,Southern,10066
482,Dr. MCCLOSKEY & PARTNERS            ,THE OLD SCHOOL HOUSE SURGERY,1 ANTRIM ROAD,"LURGAN, CRAIGAVON",BT67 9BW,Southern,5828
491,Dr. MARSHALL & PARTNERS             ,ABBEY COURT SURGERY,DOBBIN LANE,NULL,BT61 7QG,Southern,8380
493,Dr. JOHNSTON & PARTNERS             ,MID ULSTER HEALTH CARE (DUN),SOUTH TYRONE HOSPITAL,CARLAND ROAD,BT71 4AU,Southern,8958
494,Dr. ELLIOTT & PARTNER               ,THE VALLEY MEDICAL PRACTICE,20 COONEEN ROAD,NULL,BT75 0ND,Southern,4341
495,Dr. CARSON & PARTNERS               ,CAMPBELL SURGERY,10 QUARRY LANE,NULL,BT70 1HX,Southern,11365
497,Dr. FEARON & PARTNERS               ,KEADY HEALTH & CARE CENTRE,2A ANNVALE ROAD,KEADY,BT60 2RP,Southern,9583
498,Dr. MCSHANE & PARTNERS              ,MOY HC - DR MCSHANE & PARTNERS,MOY HEALTH CENTRE,CHARLEMONT STREET,BT71 7SL,Southern,4065
499,Dr. POTTER & PARTNERS               ,ERRIGAL MEDICAL CENTRE,OLD DUNGANNON ROAD,"BALLYGAWLEY,DUNGANNON",BT70 2EY,Southern,4785
500,Dr. HERRON & PARTNER                ,GARVIN SURGERY,22 BARRACK STREET,COALISLAND,BT71 4LS,Southern,2593
501,Dr. MCCONVILLE                      ,MOY HC-DR MCCONVILLE & PARTNER,MOY MEDICAL PRACTICE,CHARLEMONT STREET,BT71 7SL,Southern,2877
502,Dr. CARLILE & PARTNERS              ,TYNAN SURGERY,15 DARTAN REE,TYNAN,BT60 4QT,Southern,6308
503,Dr. WEBSTER & PARTNERS              ,MARKETHILL HEALTH CENTRE,NEWRY STREET,"MARKETHILL, ARMAGH",BT60 1TA,Southern,6643
504,Dr. CLEARY & PARTNER                ,MOY HC - DR CLEARY & PARTNER,MOY MEDICAL CENTRE,CHARLEMONT STREET,BT71 7SL,Southern,3802
505,Dr. MULLEN & PARTNERS               ,PARKVIEW SURGERY,"SOUTH TYRONE HOSPITAL SITE,","CARLAND ROAD,",BT71 4AU,Southern,9261
506,Dr. POTTER                          ,AUGHNACLOY HEALTH CENTRE,2 SYDNEY LANE,AUGHNACLOY,BT69 6AF,Southern,5140
507,Dr. WATTERS                         ,THE HEALTH CENTRE KEADY,24A TASSAGH ROAD,KEADY,BT60 3TU,Southern,2713
508,Dr. PICKERING & PARTNER             ,TANDRAGEE MEDICAL CENTRE,3 MONTAGUE STREET,"TANDRAGEE, CRAIGAVON",BT62 2AN,Southern,3785
509,Dr. MCKAY & PARTNERS                ,ARDMORE MEDICAL PRACTICE,57 THOMAS STREET,DUNGANNON,BT70 1HW,Southern,7017
512,Dr. O'DONNELL & PARTNER             ,COALISLAND MEDICAL CENTRE,15 BARRACK STREET,"COALISLAND, DUNGANNON",BT71 4LS,Southern,4528
514,Dr. RODGERS & PARTNERS              ,THE ARCHWAY SURGERY,DOBBIN LANE,ARMAGH,BT61 7QG,Southern,8694
515,Dr. MURTAGH & PARTNERS,RICHHILL HEALTH CENTRE,"6 GREENVIEW, MAYNOOTH ROAD","RICHHILL, ARMAGH",BT61 9PD,Southern,5479
516,Dr. O'HAGAN & PARTNERS              ,THE FRIARY SURGERY,DOBBIN LANE,ARMAGH,BT61 7QG,Southern,9068
519,Dr. MITCHEL & PARTNER               ,COALISLAND HEALTH CENTRE,10A LINESIDE,"COALISLAND, DUNGANNON",BT71 4LP,Southern,4173
526,Dr. MAGENNIS & PARTNERS             ,"DRS MAGENNIS, BARRETT & GRANT",CORNMARKET SURGERY,NEWRY HEALTH VILLAGE,BT35 6BW,Southern,4950
528,Dr. FEE                             ,THE HEALTH CENTRE,MCCORMICK PLACE,"CROSSMAGLEN, NEWRY",BT35 9HD,Southern,4791
529,Dr. FLOOD & PARTNERS                ,DRS MULVANNEY & FLOOD,CORNMARKET SURGERY,NEWRY HEALTH VILLAGE,BT35 6BW,Southern,6921
530,Dr. MEGAW & PARTNER                 ,MEGAW & IRWIN PRACTICE,RATHFRILAND HEALTH CENTRE,JOHN STREET,BT34 5QH,Southern,3208
531,Dr. KEOWN & PARTNERS                ,THE OLD FORGE SURGERY,14 KILKEEL ROAD,ANNALONG,BT34 4TH,Southern,4416
532,Dr. JADCZAK & PARTNERS              ,KILKEEL MEDICAL PRACTICE,GREENCASTLE STREET,"KILKEEL, NEWRY",BT34 4BH,Southern,8207
533,Dr. VETTIANKAL                      ,MEIGH SURGERY,5B DRUMINTEE ROAD,"KILLEAVY, NEWRY",BT35 8JT,Southern,3220
534,Dr. KING & PARTNERS                 ,CLANRYE SURGERY,NEWRY HEALTH VILLAGE,"MONAGHAN STREET, NEWRY",BT35 6BW,Southern,9324
535,Dr. WADE & PARTNERS                 ,"WADE,TONER & MCALONAN PRACTICE",RATHFRILAND HEALTH CENTRE,JOHN STREET,BT34 5QH,Southern,4537
536,Dr. BINGHAM & PARTNERS              ,SUMMER HILL SURGERY,WARRENPOINT HEALTH CENTRE,50 GREAT GEORGES STREET,BT34 3HS,Southern,8616
537,Dr. MCVERRY & PARTNERS              ,MCVERRY/MCEVOY MEDICAL CENTRE,NEWRY HEALTH VILLAGE,"MONAGHAN STREET, NEWRY",BT35 6BW,Southern,9523
539,Dr. FORSHAW & PARTNERS              ,CLANRYE SURGERY,NEWRY HEALTH VILLAGE,"MONAGHAN STREET, NEWRY",BT35 6BW,Southern,4376
540,Dr. TORNEY & PARTNERS               ,MEADOWLANDS SURGERY,MONAGHAN STREET,NEWRY,BT35 6BW,Southern,7229
542,Dr. LARKIN & PARTNERS               ,NEWTOWNHAMILTON SURGERY,53 DUNDALK STREET,NEWTOWNHAMILTON,BT35 0PB,Southern,4230
543,Dr. MURPHY & PARTNERS               ,THE HEALTH CENTRE,SUMMERHILL,"WARRENPOINT, NEWRY",BT34 3JD,Southern,5129
544,Dr. MCKINLEY & PARTNERS             ,DR MCKINLEY & PARTNERS,CORNMARKET SURGERY,NEWRY HEALTH VILLAGE,BT35 6BW,Southern,7440
545,MAPHONER SURGERY,MAPHONER SURGERY,2A FORKHILL ROAD,"MULLAGHBAWN, NEWRY",BT35 9RA,Southern,5344
546,Dr. MCKERNAN & PARTNER              ,BESSBROOK SURGERY,12 CONVENT HILL,"BESSBROOK, NEWRY",BT35 7AW,Southern,2516
547,Dr. SHANNON & PARTNERS              ,SHANNON PRACTICE,RATHFRILAND MEDICAL CENTRE,JOHN STREET,BT34 5QH,Southern,3771
549,Dr. QUINN & PARTNERS                ,NEWTOWNHAMILTON HEALTH CENTRE,2A MARKETHILL ROAD,"NEWTOWNHAMILTON, NEWRY",BT35 0BE,Southern,4560
551,Dr. ALLEN & PARTNER                 ,RATHKEELAND HOUSE,1 BLANEY ROAD,"CROSSMAGLEN, NEWRY",BT35 9JJ,Southern,4257
553,Dr. BONNER & PARTNER                ,MARINA SURGERY,15 HAVELOCK PLACE,"WARRENPOINT, NEWRY",BT34 3NE,Southern,2283
554,Dr. POOTS & PARTNERS                ,MOURNE FAMILY SURGERY,"MOURNE HOSPITAL, NEWRY STREET","KILKEEL,NEWRY",BT34 4DN,Southern,5523
557,Dr. PATTERSON & PARTNERS            ,Arbor Family Practice,Brownlow Health Centre,"1 LEGAHORY CENTRE, LEGAHORY,",BT65 5BE,Southern,3236
562,Dr. MAGUIRE & PARTNERS              ,DRS TOAL & MAGUIRE,ERNE HEALTH CENTRE,ERNE ROAD,BT74 6NN,Western,4401
563,Dr. MULLIGAN & PARTNER              ,DEVENISH PRACTICE,ERNE HEALTH CENTRE,ERNE ROAD,BT74 6NN,Western,4118
564,Dr. MEADE & PARTNERS                ,LAKESIDE MEDICAL PRACTICE,ERNE HEALTH CENTRE,ERNE ROAD,BT74 6NN,Western,7251
566,Dr. HAIGNEY & PARTNERS              ,IRVINESTOWN HEALTH CENTRE,CHURCH STREET,IRVINESTOWN,BT94 1EH,Western,7626
568,Dr. MALLON & PARTNER                ,DRS MALLON & MCCONVILLE,LAKELAND HEALTH VILLAGE,ERNE ROAD HEALTH CENTRE,BT74 6NN,Western,3043
571,Dr. CATHCART & PARTNERS             ,DR CATHCART & PARTNERS,ERNE ROAD HEALTH CENTRE,ERNE ROAD,BT74 6NN,Western,7518
574,Dr. DOLAN & PARTNERS                ,LISNASKEA MEDICAL CENTRE (CIC),44 DRUMHAW PARK,LISNASKEA,BT92 0GT,Western,14135
576,Dr. HERDMAN & PARTNERS              ,RATHMORE CLINIC,9 MAIN STREET,RATHMORE,BT93 3FY,Western,3890
584,Dr. CROMIE & PARTNERS               ,BROOKEBOROUGH & TEMPO PCS,9 TANYARD LANE,"BROOKEBOROUGH, ENNISKILLEN",BT94 4JG,Western,7745
585,Dr. CUNNINGHAM & PARTNERS           ,CUILCAGH MEDICAL PRACTICE,DRUMLAGHY,FLORENCECOURT,BT92 1BZ,Western,8422
596,Dr. MCNEILL & PARTNERS              ,CITYVIEW MEDICAL,WATERSIDE HEALTH CENTRE,127 SPENCER ROAD,BT47 6AH,Western,10435
597,Dr. OLLERENSHAW & PARTNERS          ,BOVALLY MEDICAL PRACTIE,2 ROSSAIR ROAD,LIMAVADY,BT49 0TE,Western,6161
598,Dr. DURAND & PARTNERS               ,QUAYSIDE MEDICAL PRACTICE,80 - 84 STRAND ROAD,LONDONDERRY,BT48 7NN,Western,11800
599,Dr. O'DONNELL & PARTNERS            ,PARK MEDICAL,THE HEALTH CENTRE,GREAT JAMES STREET,BT48 7DH,Western,8730
600,Dr. GALLAGHER & PARTNERS            ,CLAUDY HEALTH CENTRE,38a IRWIN CRESCENT,CLAUDY,BT47 4AB,Western,5078
601,Dr. SMYTH & PARTNERS                ,MOURNESIDE MEDICAL CENTRE,1A BALLYCOLMAN AVENUE,STRABANE,BT82 9AF,Western,10615
602,Dr. DOOHAN & PARTNERS               ,OAKLEAF MEDICAL PRACTICE,GREAT JAMES STREET,LONDONDERRY,BT48 7DH,Western,11046
603,Dr. KNOX & PARTNER                  ,FEENY MEDICAL PRATICE,THE HEALTH CENTRE,FEENY,BT47 4TD,Western,6258
604,Dr. MACE & PARTNERS                 ,ABERFOYLE MEDICAL PRACTICE,120 STRAND ROAD,LONDONDERRY,BT48 7NY,Western,11309
605,Dr. FULLERTON & PARTNERS            ,DONEMANA SURGERY,256 BERRYHILL ROAD,DONEMANA,BT82 0NB,Western,4516
608,Dr. BLACK & PARTNERS                ,ABBEY MEDICAL PRACTICE,ABBEY STREET,LONDONDERRY,BT48 9DN,Western,6882
609,Dr. PRATT & PARTNERS                ,ROSSAIR FAMILY PRACTICE,BOVALLY MEDICAL CENTRE,2 ROSSAIR ROAD,BT49 0TE,Western,6399
610,Dr. O'FLAHERTY & PARTNERS           ,"RIVERSIDE PRACTICE, STRABANE",STRABANE HEALTH CENTRE,UPPER MAIN STREET,BT82 8AS,Western,7913
614,Dr. KYLE & PARTNER                  ,DUNGIVEN FAMILY PRACTICE,DUNGIVEN HEALTH CENTRE,1 CHAPEL ROAD,BT47 4RS,Western,3670
615,Dr. LALSINGH & PARTNERS             ,CLARENDON MEDICAL,35 NORTHLAND AVENUE,LONDONDERRY,BT48 7GW,Western,11445
616,Dr. GREENE & PARTNERS               ,WESTERN RURAL HEALTHCARE,CASTLEDERG GROUP SURGERY,13A LOWER STRABANE ROAD,BT81 7AZ,Western,16320
618,Dr. DOHERTY & PARTNER               ,CLARENDON STREET SURGERY,49 CLARENDON STREET,LONDONDERRY,BT48 7ER,Western,2820
619,Dr. QUINN & PARTNERS                ,DRS QUINN & BROLLY PRACTICE,SCROGGY ROAD HEALTH CENTRE,SCROGGY ROAD,BT49 0NA,Western,5969
620,Dr. ETHERSON & PARTNERS             ,"FAMILY PRACTICE, STRABANE",STRABANE HEALTH CENTRE,1A UPPER MAIN STREET,BT82 8AS,Western,6633
621,Dr. DEANE & PARTNER                 ,NORTHSIDE MEDICAL PRACTICE,SHANTALLOW HEALTH CENTRE,RACECOURSE ROAD,BT48 8NL,Western,3679
622,RACECOURSE MEDICAL GROUP,RACECOURSE MEDICAL GROUP,SHANTALLOW HEALTH CENTRE,RACECOURSE ROAD,BT48 8NL,Western,4773
623,Dr. ORR & PARTNERS                  ,FOYLESIDE FAMILY PRACTICE,BRIDGE STREET MEDICAL CENTRE,30 BRIDGE STREET,BT48 6LD,Western,10703
624,Dr. BOYLE & PARTNERS                ,"GLENDERMOTT MEDICAL,",WATERSIDE HEALTH CENTRE,127 SPENCER ROAD,BT47 6AH,Western,8312
625,Dr. MCEVOY & PARTNERS               ,BAYVIEW MEDICAL PRACTICE,RATH MOR CENTRE,BLIGH'S LANE,BT48 0LZ,Western,4163
626,Dr. DOLAN & PARTNERS                ,RIVERFRONT MEDICAL,WATERSIDE HEALTH CENTRE,127 SPENCER ROAD,BT47 6AH,Western,8540
627,Dr. PATTERSON & PARTNERS            ,EGLINTON MEDICAL PRACTICE,29 MAIN STREET,EGLINTON,BT47 3AB,Western,8159
629,Dr. THOMASIUS & PARTNERS            ,ROE FAMILY PRACTICE,LIMAVADY HEALTH CENTRE,SCROGGY ROAD,BT49 0NA,Western,7026
651,Dr. SWEENEY & PARTNERS              ,FINTONA MEDICAL CENTRE,33 DROMORE ROAD,FINTONA,BT78 2BB,Western,7009
652,Dr. RITCHIE & PARTNER               ,DRUMQUIN SURGERY  DR RICHIE,2H MAIN STREET,DRUMQUIN,BT78 4SB,Western,1923
654,Dr. QUINN & PARTNERS                ,GRANGE FAMILY PRACTICE,OMAGH HOSPITAL AND PCC,7 DONAGHANIE ROAD,BT79 0NR,Western,7003
655,Dr. SCULLY                          ,DRUMQUIN HEALTHCARE,23 OMAGH ROAD,NULL,BT78 4QY,Western,1519
657,Dr. BRADLEY & PARTNERS              ,THREE SPIRES SURGERY,7 DONAGHANIE ROAD,OMAGH,BT79 0NR,Western,10192
660,Dr. CORRY & PARTNERS                ,CARRICKMORE HEALTH CENTRE,TERMON ROAD,NULL,BT79 9JR,Western,9469
661,DROMORE SURGERY,DROMORE SURGERY,16 CAMDERRY ROAD,NULL,BT78 3AU,Western,5286
662,Dr. GORMLEY & PARTNERS              ,DRUMRAGH FAMILY PRACTICE,OMAGH HOSPITAL AND PCC,7 DONAGHANIE ROAD,BT79 0NR,Western,11126
663,Dr. DEEHAN & PARTNER                ,STRULE MEDICAL,OMAGH HOSPITAL AND PCC,DONAGHANIE ROAD,BT79 0NR,Western,3377
664,Dr. MCAULEY & PARTNER               ,SPERRIN FAMILY PRACTICE,41 MAIN STREET,NULL,BT79 8DL,Western,3447
