PracNo,PracticeName,Address1,Address2,Address3,Postcode,LCG,Registered_Patients
1,Dr. HOEY & PARTNERS                 ,HARLAND MEDICAL PRACTICE,HOLYWOOD ARCHES HEALTH CENTRE,WESTMINSTER AVENUE,BT4 1NS,Belfast,6670
3,Dr. MCCUTCHEON & PARTNERS           ,GREENWAY PRACTICE,HOLYWOOD ARCHES HC 2ND FLOOR,WESTMINSTER AVENUE,BT4 1NS,Belfast,7091
6,Dr. MCIVOR & PARTNERS               ,CARRYDUFF SURGERY,HILLSBOROUGH ROAD,CARRYDUFF,BT8 8HR,Belfast,11499
10,Dr. WILSON & PARTNER                ,DR WILSON & PARTNER,TEMPLEMORE MEDICAL CENTRE,225 ALBERTBRIDGE ROAD,BT5 4PX,Belfast,2368
13,Dr. COOGAN                          ,DR COOGAN,TEMPLEMORE MEDICAL CENTRE,225 ALBERTBRIDGE ROAD,BT5 4PX,Belfast,3226
14,Dr. COULTER & PARTNERS              ,KERRSLAND SURGERY,169 UPPER NEWTOWNARDS ROAD,BELFAST,BT4 3HZ,Belfast,8538
15,Dr. CUMMINGS & PARTNERS             ,HOLYWOOD ROAD SURGERY,54 HOLYWOOD ROAD,BELFAST,BT4 1NT,Belfast,5535
16,Dr. MCCANN & PARTNERS               ,KNOCK MEDICAL CENTRE,423B UPPER NEWTOWNARDS ROAD,BELFAST,BT4 3LH,Belfast,6225
17,Dr. MERCER & PARTNERS               ,"Drs SCOTT, MERCER AND LARGE",HOLYWOOD ARCHES HEALTH CENTRE,WESTMINSTER AVENUE,BT4 1NS,Belfast,5417
18,Dr. MCCONVILLE & PARTNERS           ,BRIDGES FAMILY PRACTICE,2-6 BRYSON STREET,BELFAST,BT5 4ES,Belfast,7511
19,Dr. MITCHELL & PARTNERS             ,LINEN COURT SURGERY,336 BEERSBRIDGE ROAD,BELFAST,BT5 5DY,Belfast,4428
20,Dr. LUA & PARTNERS                  ,LEWIS SQUARE PRACTICE,HOLYWOOD ARCHES HEALTH CENTRE,WESTMINSTER AVENUE,BT4 1NS,Belfast,4125
24,Dr. MCCLOSKEY & PARTNERS            ,THE MOUNT GROUP PRACTICE,50 CASTLEREAGH STREET,BELFAST,BT5 4NH,Belfast,4116
28,Dr. GALLAGHER & PARTNERS            ,THE VICTORIA PRACTICE,HOLYWOOD ARCHES HEALTH CENTRE,WESTMINSTER AVENUE,BT4 1NS,Belfast,3335
29,Dr. SAVAGE & PARTNERS               ,CASTLEREAGH MEDICAL CENTRE,21 BALLYGOWAN ROAD,BELFAST,BT5 7LH,Belfast,5109
30,Dr. THOMPSON & PARTNER              ,EASTSIDE SURGERY,56 TEMPLEMORE AVENUE,BELFAST,BT5 4FT,Belfast,2733
31,Dr. COOKE & PARTNERS                ,DUNDONALD MEDICAL CENTRE,16 CHURCH ROAD,"DUNDONALD, BELFAST",BT16 2LN,Belfast,7315
32,Dr. KELLY & PARTNERS                ,WILLOWFIELD SURGERY,50/52 CASTLEREAGH ROAD,BELFAST,BT5 5FP,Belfast,4057
33,Dr. RODGERS & PARTNERS              ,WOODSTOCK MEDICAL CENTRE,222 WOODSTOCK ROAD,BELFAST,BT6 9DL,Belfast,5247
37,Dr. MONCRIEFF & PARTNERS            ,CHERRYVALLEY GROUP PRACTICE,CHERRYVALLEY HEALTH CENTRE,KINGS SQUARE,BT5 7BP,Belfast,6707
38,Dr. ABERNETHY                       ,CHERRYVALLEY FAMILY PRACTICE,CHERRYVALLEY HEALTH CENTRE,KINGS SQUARE,BT5 7BP,Belfast,2016
52,Dr. SAVAGE & PARTNER                ,ALBERTVILLE SURGERY,16 MCCANDLESS STREET,CRUMLIN ROAD,BT13 1RU,Belfast,2795
53,Dr. COLGAN                          ,DR COLGAN,FALLS ROAD SURGERY,463 FALLS ROAD,BT12 6DD,Belfast,3265
55,Dr. O'KANE                          ,O'KANE PRACTICE,CRUMLIN ROAD HEALTH CENTRE,94-100 CRUMLIN ROAD,BT14 6AR,Belfast,1173
57,Dr. CAMPBELL & PARTNER              ,MCHUGH - CAMPBELL PRACTICE,MAUREEN SHEEHAN CENTRE BUILD 2,106 ALBERT STREET,BT12 4HL,Belfast,5181
58,Dr. FARNAN & PARTNERS               ,THE GROUP SURGERY,257 NORTH QUEEN STREET,BELFAST,BT15 1HS,Belfast,5892
60,Dr. BURNS & PARTNERS                ,DUNCAIRN MEDICAL PRACTICE,165 DUNCAIRN GARDENS,BELFAST,BT15 2GE,Belfast,3890
61,Dr. CROSSIN & PARTNERS              ,CROSSIN HIGGINS & MCMULLAN,CARRICK HILL MEDICAL CENTRE,1 CARRICK HILL,BT1 2JR,Belfast,9552
62,Dr. GARDINER & PARTNER              ,GARDINER FAMILY PRACTICE,CRUMLIN ROAD HEALTH CENTRE,100 CRUMLIN ROAD,BT14 6AR,Belfast,1304
63,Dr. O'DONNELL & PARTNERS            ,WILLOW MEDICAL PRACTICE,155 ANDERSONSTOWN ROAD,BELFAST,BT11 9EA,Belfast,3019
64,Dr. DONAGHY & PARTNERS              ,DUNVILLE HEALTH CENTRE,309 GROSVENOR ROAD,BELFAST,BT12 4LP,Belfast,4253
66,Dr. DURKAN & PARTNERS               ,PARKSIDE SURGERY,GROVE WELLBEING CENTRE,120 YORK ROAD,BT15 3HF,Belfast,7007
68,Dr. CARDWELL & PARTNERS             ,SHANKILL SURGERY,136-138 SHANKILL ROAD,BELFAST,BT13 2BD,Belfast,2587
69,Dr. TAN & PARTNER                   ,FLAX MEDICAL CENTRE,FLAX CENTRE,ARDOYNE AVENUE,BT14 7DA,Belfast,3028
70,Dr. CHAMBERS & PARTNERS             ,BALLYSILLAN GROUP PRACTICE,156-158 BALLYSILLAN ROAD,BELFAST,BT14 7QR,Belfast,5620
71,Dr. LEAVY & PARTNERS                ,SPRINGVALE MEDICAL PRACTICE,463 SPRINGFIELD ROAD,BELFAST,BT12 7DP,Belfast,6546
72,Dr. AGAHI & PARTNERS                ,MOUNTAINVIEW SURGERY,585 CRUMLIN ROAD,BELFAST,BT14 7GB,Belfast,1997
73,Dr. CLULOW & PARTNERS               ,CRUMLIN ROAD FAMILY PRACTICE,CRUMLIN ROAD HEALTH CENTRE,94-100 CRUMLIN ROAD,BT14 6AR,Belfast,2132
74,Dr. BEATTIE & PARTNER               ,NORTHGATE FAMILY PRACTICE,36 DUNCAIRN GARDENS,BELFAST,BT15 2GH,Belfast,2704
75,Dr. MCCLOSKEY & PARTNERS            ,GROSVENOR ROAD SURGERY,216 GROSVENOR ROAD,BELFAST,BT12 5LT,Belfast,9820
79,Dr. LOGAN & PARTNERS                ,SPRINGFIELD ROAD SURGERY,70 SPRINGFIELD ROAD,BELFAST,BT12 7AH,Belfast,9091
80,Dr. CONWAY & PARTNERS               ,OLDPARK GROUP PRACTICE,460 OLDPARK ROAD,BELFAST,BT14 6QG,Belfast,4822
81,Dr. MCHUGH & PARTNERS               ,SPRINGFIELD MEDICAL CENTRE,44-46 SPRINGFIELD ROAD,BELFAST,BT12 7AH,Belfast,7063
83,Dr. THORNTON & PARTNERS             ,GROVE MEDICAL PRACTICE,GROVE WELL BEING CENTRE,120 YORK ROAD,BT15 3HF,Belfast,5396
84,Dr. SALTERS & PARTNERS              ,Dr. SALTERS & PARTNERS,FALLS ROAD SURGERY,186 FALLS ROAD,BT12 6AG,Belfast,3697
85,Dr. MCMAHON & PARTNERS              ,ANTRIM ROAD MEDICAL CENTRE,515 ANTRIM ROAD,BELFAST,BT15 3BS,Belfast,5499
86,Dr. HARKIN & PARTNERS               ,SALISBURY MEDICAL CENTRE,474 ANTRIM ROAD,BELFAST,BT15 5GF,Belfast,11016
92,Dr. MCFERRAN & PARTNERS             ,Drs McFERRAN & PARTNERS,BALLYOWEN HEALTH CENTRE,179 ANDERSONSTOWN ROAD,BT11 9EA,Belfast,5125
93,Dr. CLARKE & PARTNERS               ,CLIFTONVILLE MEDICAL PRACTICE,61 CLIFTONVILLE ROAD,BELFAST,BT14 6JN,Belfast,5678
94,Dr. CUMMINGS                        ,FALLS FAMILY DOCTORS,115 FALLS ROAD,BELFAST,BT12 6AA,Belfast,7112
96,Dr. MAGENIS & PARTNERS              ,MALVERN FAMILY PRACTICE,CORNERSTONE MEDICAL CENTRE,69 SHANKILL ROAD,BT13 1FD,Belfast,5192
98,Dr. GILMORE & PARTNERS              ,LIGONIEL HEALTH CENTRE,74A LIGONIEL ROAD,BELFAST,BT14 8BY,Belfast,4046
101,Dr. KELLY & PARTNERS                ,Vere Foster Medical Group,132-136 Sandy Row,BELFAST,BT12 5EY,Belfast,4222
103,Dr. MAGUIRE & PARTNERS              ,CLIFTON STREET SURGERY,15/17 CLIFTON STREET,BELFAST,BT13 1AD,Belfast,8844
104,Dr. HUTCHINSON & PARTNERS           ,BALLYGOMARTIN GROUP PRACTICE,17 BALLYGOMARTIN ROAD,BELFAST,BT13 3BW,Belfast,7916
105,Dr. DOGGART & PARTNERS              ,CHURCH VIEW MEDICAL PRACTICE,CORNERSTONE MEDICAL CENTRE,69 SHANKILL ROAD,BT13 1FD,Belfast,5144
111,Dr. MCKENNA                         ,DR MCKENNA'S PRACTICE,2 THAMES STREET,BELFAST,BT12 6AP,Belfast,3016
113,Dr. DUGAN & PARTNER                 ,DR DUGAN'S SURGERY,173 ANDERSTOWNSTOWN ROAD,BELFAST,BT11 9EA,Belfast,4385
114,Dr. BONNAR & PARTNERS               ,HILLHEAD FAMILY PRACTICE,33 STEWARTSTOWN ROAD,BELFAST,BT11 9FZ,Belfast,7234
116,Dr. DORAN & PARTNERS                ,CROCUS STREET SURGERY,1 CROCUS STREET,BELFAST,BT12 7AP,Belfast,4423
132,Dr. MCGLADE & PARTNERS              ,DUNLUCE FAMILY PRACTICE,1 DUNLUCE AVENUE,BELFAST,BT9 7HR,Belfast,6055
136,Dr. HAIGNEY & PARTNERS              ,MOUNT ORIEL MEDICAL PRACTICE,KNOCKBREDA WTC,110 SAINTFIELD ROAD,BT8 6GR,Belfast,8057
140,Dr. LOGAN & PARTNERS                ,ELMWOOD MEDICAL PRACTICE,DUNLUCE HEALTH CENTRE,1 DUNLUCE AVENUE,BT9 7HR,Belfast,8796
143,Dr. SHERWOOD & PARTNERS             ,THE ROWAN TREE FAMILY PRACTICE,DUNLUCE HEALTH CENTRE,1 DUNLUCE AVENUE,BT9 7HR,Belfast,5851
145,Dr. KILLINER & PARTNERS             ,KENSINGTON GROUP PRACTICE,KENSINGTON MEDICAL CENTRE,15A DONEGALL ROAD,BT12 5JJ,Belfast,9109
146,Dr. HUGHES                          ,BALMORAL SURGERY,436 LISBURN ROAD,BELFAST,BT9 6GR,Belfast,4227
147,Dr. GRACEY & PARTNERS               ,ORMEAU PARK SURGERY,281 ORMEAU ROAD,BELFAST,BT7 3GG,Belfast,7377
148,Dr. TONER & PARTNERS                ,SOUTH EAST FAMILY PRACTICE,370/372 CREGAGH ROAD,BELFAST,BT6 9EY,Belfast,8861
151,Dr. ROWNEY & PARTNERS               ,THE IRWIN PRACTICE,FINAGHY HEALTH CENTRE,13/25 FINAGHY ROAD SOUTH,BT10 0BX,Belfast,13339
153,Dr. DIAMOND & PARTNERS              ,ORMEAU ROAD HEALTH CENTRE,120 ORMEAU ROAD,BELFAST,BT7 2EB,Belfast,9767
154,Dr. MCCAULEY & PARTNERS             ,UNIVERSITY STREET SURGERY,142 - 144 UNIVERSITY STREET,BELFAST,BT7 1HH,Belfast,5320
156,Dr. COLTON & PARTNERS               ,Dr. CHAKRAVARTY & PARTNERS,BALLYOWEN HEALTH CENTRE,179 ANDERSONSTOWN ROAD,BT11 9EA,Belfast,9254
157,Dr. FAIR & PARTNERS                 ,UNIVERSITY HEALTH CENTRE QUB,ELMWOOD MANSE,"7 UNIVERSITY TERRACE, BELFAST",BT7 1NP,Belfast,10209
159,Dr. BELL & PARTNERS                 ,ARDMORE MEDICAL CENTRE,485 ORMEAU ROAD,BELFAST,BT7 3GR,Belfast,5871
164,Dr. MURDOCK & PARTNER               ,CREGAGH SURGERY,36 MONTGOMERY ROAD,BELFAST,BT6 9HL,Belfast,3723
165,Dr. MCCORMACK & PARTNERS            ,NORTH PARADE MEDICAL CENTRE,6 NORTH PARADE,BELFAST,BT7 2GG,Belfast,9093
166,Dr. CULLEN                          ,BOTANIC MEDICAL CENTRE,51 BOTANIC AVENUE,BELFAST,BT7 1JL,Belfast,3637
191,Dr. SANDS & PARTNERS                ,THE MONTALTO MEDICAL CENTRE,2 DROMORE ROAD,BALLYNAHINCH,BT24 8AY,South Eastern,9816
192,Dr. MCGILL & PARTNERS               ,KILLYLEAGH SURGERY,14 DOWNPATRICK ROAD,KILLYLEAGH,BT30 9RG,South Eastern,4935
193,Dr. GREER & PARTNERS                ,DUNDRUM AND CLOUGH SURGERY,1 CASTLEWELLAN ROAD,CLOUGH,BT30 8RD,South Eastern,10869
194,Dr. HYLAND & PARTNER                ,DR HYLAND & PARTNER,CAUSEWAY SURGERY,CAUSEWAY PLACE,BT33 0DN,South Eastern,2168
195,Dr. GILPIN & PARTNER                ,DR GILPIN'S SURGERY,CAUSEWAY SURGERY,2 CAUSEWAY PLACE,BT33 0DN,South Eastern,1813
196,Dr. MURPHY & PARTNERS               ,ARDGLASS SURGERY,THE HEALTH CENTRE,DOWNPATRICK ROAD,BT30 7SF,South Eastern,3336
198,Dr. ROSS & PARTNERS                 ,SAINTFIELD HEALTH CENTRE,FAIRVIEW,SAINTFIELD,BT24 7AD,South Eastern,9557
201,Dr. LEGGETT & PARTNERS              ,DONARD FAMILY PRACTICE,56 MAIN STREET,"NEWCASTLE, CO DOWN",BT33 0AE,South Eastern,12024
202,Dr. SMALL & PARTNERS                ,STRUELL SURGERY,2 Struell Wells Road,DOWNPATRICK,BT30 6RL,South Eastern,4084
204,Dr. BOYLE & PARTNERS                ,THE GREEN SURGERY,12 THE GREEN,IRISH STREET,BT30 6BE,South Eastern,5084
205,Dr. TRAINOR & PARTNERS              ,CROSSGAR SURGERY,JAMES STREET,"CROSSGAR, DOWNPATRICK",BT30 9JU,South Eastern,4522
206,Dr. SHEVLIN & PARTNERS              ,DOWN HC,GP & PRIMARY CARE CENTRE,"1ST FLOOR, DOWN HOSPITAL",BT30 6RL,South Eastern,5097
207,Dr. CREANEY & PARTNERS              ,STREAM STREET SURGERY,40 STREAM STREET,DOWNPATRICK,BT30 6DE,South Eastern,5103
221,Dr. HALL & PARTNERS                 ,HILLSBOROUGH MEDICAL PRACTICE,HEALTH CENTRE,BALLYNAHINCH ST,BT26 6AW,South Eastern,10542
222,Dr. DEVLIN & PARTNERS               ,WOODBROOKE MEDICAL PRACTICE,STEWARTSTOWN ROAD,DUNMURRY BELFAST,BT17 0FB,South Eastern,9421
223,Dr. CUPPLES & PARTNERS              ,LISBURN CITY PRACTICE,THE HEALTH CENTRE,LINENHALL STREET,BT28 1LU,South Eastern,5816
224,Dr. CAIRNS & PARTNERS               ,Dr CAIRNS & PARTNERS,LISBURN HEALTH CENTRE,LINENHALL STREET,BT28 1LU,South Eastern,7593
226,Dr. UREY & PARTNERS                 ,DROMARA SURGERY,BEGNEY HILL ROAD,DROMARA,BT25 2AT,South Eastern,8565
227,Dr. O'KANE & PARTNERS               ,LINENHALL MEDICAL PRACTICE,LISBURN HEALTH CENTRE,LINENHALL STREET,BT28 1LU,South Eastern,12517
228,Dr. ADAMS & PARTNER                 ,LAGANVIEW MEDICAL PRACTICE,"LISBURN HEALTH CENTRE,",LINENHALL STREET,BT28 1LU,South Eastern,4413
229,Dr. RUDDELL & PARTNERS              ,Dr. RUDDELL & PARTNERS,LISBURN HEALTH CENTRE,LINENHALL STREET,BT28 1LU,South Eastern,9071
230,Dr. RYAN & PARTNERS                 ,DR RYAN & PARTNERS,LISBURN HEALTH CENTRE,LINENHALL STREET,BT28 1LU,South Eastern,5128
231,Dr. PALMER & PARTNERS               ,Dr. PALMER & PARTNERS,LISBURN HEALTH CENTRE,LINENHALL STREET,BT28 1LU,South Eastern,9702
232,Dr. DICK & PARTNERS                 ,THE HILL MEDICAL GROUP PRAC,192 KINGSWAY,DUNMURRY,BT17 9AL,South Eastern,8217
233,Dr. GALLAGHER & PARTNERS            ,GLENAVY FAMILY PRACTICE,47 MAIN STREET,"GLENAVY, CRUMLIN",BT29 4LN,South Eastern,4475
252,Dr. LAWSON & PARTNERS               ,PRIORY SURGERY,26 HIGH STREET,HOLYWOOD,BT18 9AD,South Eastern,13941
253,Dr. REID & PARTNERS                 ,REDWOOD SURGERY,THE HEALTH CENTRE,NEWTOWNARDS ROAD,BT20 4LD,South Eastern,8183
254,Dr. MARSHALL & PARTNER              ,LISBANE MEDICAL CENTRE,24 LISBARNETT ROAD,LISBANE,BT23 6AW,South Eastern,4348
255,Dr. KENNY & PARTNERS                ,DR MILLIKEN & PARTNERS,BANGOR HEALTH CENTRE,NEWTOWNARDS ROAD,BT20 4LD,South Eastern,5374
256,Dr. CRAIG & PARTNER                 ,ASHLEY MEDICAL CENTRE,140 GROOMSPORT ROAD,BANGOR,BT20 5PE,South Eastern,5860
257,Dr. GOLDRING & PARTNERS             ,BROOK STREET SURGERY,BROOK STREET,HOLYWOOD,BT18 9DA,South Eastern,8894
258,Dr. MANSON & PARTNERS               ,CASTLE PARK PRACTICE,BANGOR HEALTH CENTRE,NEWTOWNARDS ROAD,BT20 4LD,South Eastern,4899
259,Dr. DOYLE & PARTNERS                ,PORTAFERRY SURGERY,44 HIGH STREET,"PORTAFERRY, NEWTOWNARDS",BT22 1QT,South Eastern,6390
260,Dr. DORAN & PARTNERS                ,CHURCH VIEW FAMILY PRACTICE,THE HEALTH CENTRE,NEWTOWNARDS ROAD,BT20 4LD,South Eastern,7482
261,Dr. NEOH & PARTNERS                 ,KILLYNETHER PRACTICE,2A FREDERICK STREET,NEWTOWNARDS,BT23 4LR,South Eastern,5989
264,Dr. KINNEAR & PARTNER               ,SILVERBIRCH MEDICAL PRACTICE,39A SILVERBIRCH ROAD,BANGOR,BT19 6EU,South Eastern,2743
265,Dr. HYLAND & PARTNERS               ,THE SURGERY NEWTOWNARDS,1 CHURCH STREET,NEWTOWNARDS,BT23 4FH,South Eastern,7106
271,Dr. GREER & PARTNERS                ,OLD MILL SURGERY,CHURCH STREET,NEWTOWNARDS,BT23 4AS,South Eastern,11251
272,Dr. MCKEOWN & PARTNERS              ,THE SQUARE SURGERY,16 A THE SQUARE,COMBER,BT23 5DT,South Eastern,7044
273,Dr. WHITESIDE & PARTNERS            ,COMBER FAMILY PRACTICE,COMBER HEALTH CENTRE,5 NEWTOWNARDS ROAD,BT23 5BA,South Eastern,7754
274,Dr. MCNUTT & PARTNERS               ,BLOOMFIELD SURGERY,95 BLOOMFIELD ROAD,BANGOR,BT20 4XA,South Eastern,10331
275,Dr. WEBB & PARTNERS                 ,DR WEBB & PARTNERS,REGENCY MEDICAL CENTRE,2A FREDERICK STREET,BT23 4LR,South Eastern,4990
276,Dr. HISCOCKS & PARTNERS             ,DONAGHADEE HEALTH CENTRE,3 KILLAUGHEY ROAD,DONAGHADEE,BT21 0BU,South Eastern,9495
278,Dr. MCCANCE & PARTNERS              ,"THE SURGERY, NEWTOWNARDS",1 CHURCH STREET,NEWTOWNARDS,BT23 4FH,South Eastern,4385
280,Dr. SIMPSON & PARTNERS              ,ABBEY FAMILY PRACTICE,BANGOR HEALTH CENTRE,NEWTOWNARDS ROAD,BT20 4LD,South Eastern,5391
281,Dr. ABRAHAM & PARTNERS              ,CLELAND PARK SURGERY,2 CLELAND PARK,BANGOR,BT20 3EB,South Eastern,6287
282,Dr. HUGHES & PARTNERS               ,THE HEALTH CENTRE,FOWLER WAY,"BALLYWALTER, NEWTOWNARDS",BT22 2PY,South Eastern,6491
283,Dr. FERRIS & PARTNERS               ,LOUGH VIEW SURGERY,2 MAIN STREET,"KIRCUBBIN, NEWTOWNARDS",BT22 2SP,South Eastern,5742
285,Dr. JACKSON & PARTNERS              ,GREEN ROAD MEDICAL CENTRE,5 GREEN ROAD,"CONLIG, NEWTOWNARDS",BT23 7PZ,South Eastern,4726
302,Dr. HUEY & PARTNERS                 ,TEMPLEPATRICK SURGERY,80 CASTLETON,TEMPLEPATRICK,BT39 0AZ,Northern,9756
303,Dr. HYNDMAN & PARTNERS              ,CRUMLIN MEDICAL PRACTICE,1 GLENAVY ROAD,CRUMLIN,BT29 4LA,Northern,8383
304,Dr. BUTLER & PARTNERS               ,MAINE MEDICAL AHOGHILL,THE OLD MEETING HOUSE,2 STRAID RD,BT42 2PB,Northern,5272
305,Dr. DICK & PARTNERS                 ,BERNAGHMORE MEDICAL PRACTICE,BALLYMENA HEALTH & CARE CENTRE,86 CUSHENDALL ROAD,BT43 6HB,Northern,3840
307,Dr. FIELD & PARTNERS                ,ANTRIM CASTLE SURGERY,ANTRIM HEALTH CENTRE,32A STATION ROAD,BT41 4BS,Northern,8014
308,Dr. HUNTER & PARTNERS               ,ORIEL SURGERY,31 ORIEL ROAD,ANTRIM,BT41 4HR,Northern,6788
310,Dr. HUNTER & PARTNERS               ,CULLYBACKEY MEDICAL PRACTICE,CULLYBACKEY HEALTH CENTRE,TOBER PARK,BT42 1NW,Northern,7446
311,Dr. JOHNSTON & PARTNERS             ,GALGORM SURGERY,77 GALGORM ROAD,BALLYMENA,BT42 1AA,Northern,2476
312,Dr. HALL & PARTNER                  ,SLEMISH VIEW MEDICAL PRACTICE,BALLYMENA HEALTH & CARE CENTRE,86 CUSHENDALL ROAD,BT43 6HB,Northern,2460
313,Dr. RUSSELL & PARTNERS              ,GABLES MEDICAL CENTRE,45 WAVENEY ROAD,BALLYMENA,BT43 5BA,Northern,4042
314,Dr. DUNDEE & PARTNERS               ,WAVENEY MEDICAL PRACTICE,BALLYMENA HEALTH & CARE CENTRE,86 CUSHENDALL ROAD,BT43 6HB,Northern,4719
315,Dr. LOUGHREY & PARTNER              ,BALLYMENA FAMILY PRACTICE,BALLYMENA HEALTH & CARE CENTRE,86 CUSHENDALL ROAD,BT43 6HB,Northern,3297
317,Dr. REDMOND & PARTNERS              ,BROUGHSHANE MEDICAL PRACTICE,76 MAIN STREET,BROUGHSHANE,BT42 4JA,Northern,7086
319,Dr. MCCUSKER & PARTNERS             ,PORTGLENONE HEALTH CENTRE,17 TOWNHILL ROAD,"PORTGLENONE, BALLYMENA",BT44 8AD,Northern,6719
321,Dr. MCQUILLAN & PARTNERS            ,SEVEN TOWERS SURGERY,BALLYMENA HEALTH & CARE CENTRE,86 CUSHENDALL ROAD,BT43 6HB,Northern,4409
323,Dr. BROWN & PARTNER                 ,SMITHFIELD MEDICAL CENTRE,7 SMITHFIELD PLACE,"GALGORM ROAD, BALLYMENA",BT43 5HB,Northern,2903
325,Dr. BILL & PARTNERS                 ,KELLS & CONNOR MEDICAL CENTRE,36 CHURCH ROAD,"KELLS, BALLYMENA",BT42 3JU,Northern,3963
326,Dr. MCCUSKER & PARTNERS             ,THE FAMILY PRACTICE,ANTRIM HEALTH CENTRE,STATION ROAD,BT41 4BS,Northern,5693
327,Dr. KIDD & PARTNERS                 ,Dr KIDD & Dr COSGROVE,ANTRIM HEALTH CENTRE,STATION ROAD,BT41 4BS,Northern,3687
328,Dr. JOHNSTON & PARTNERS             ,MAINE MEDICAL CULLYBACKEY,"OLD MILL PARK, MAIN STREET","CULLYBACKEY, BALLYMENA",BT42 1GP,Northern,5105
330,Dr. MCKENNA & PARTNERS              ,Dr. MCKENNA & DR McCAULEY,STATION ROAD HEALTH CENTRE,STATION ROAD,BT41 4BS,Northern,4873
331,Dr. KHANNA & PARTNERS               ,BRAID FAMILY PRACTICE,BALLYMENA HEALTH & CARE CENTRE,"86 CUSHENDALL ROAD, BALLYMENA",BT43 6HB,Northern,4351
333,Dr. JOHNSTON & PARTNER              ,TOOME SURGERY,"TOOME HOUSE, 55 MAIN STREET","TOOMEBRIDGE, ANTRIM",BT41 3TF,Northern,3946
334,Dr. O'HANLON & PARTNERS             ,RANDALSTOWN MEDICAL PRACTICE,5 NEILLSBROOK ROAD,"RANDALSTOWN, ANTRIM",BT41 3AE,Northern,10413
336,Dr. MCCLEERY & PARTNERS             ,ROSEHALL MEDICAL PRACTICE,2 MALLUSK ROAD,GLENGORMLEY,BT36 4PP,Northern,9477
337,Dr. DAVISON & PARTNERS              ,GLENGORMLEY PRACTICE,324 ANTRIM ROAD,NEWTOWNABBEY,BT36 5EQ,Northern,8950
341,Dr. MAXWELL & PARTNERS              ,RIVERSIDE MEDICAL,CASTLEROCK ROAD,COLERAINE,BT51 3HP,Northern,4765
344,Dr. TRACEY & PARTNERS               ,KILLOWEN MEDICAL CENTRE,CASTLEROCK ROAD,COLERAINE,BT51 3HP,Northern,6018
345,Dr. JOHNSTON & PARTNERS             ,BALLYMONEY FAMILY PRACTICE,BALLYMONEY HEALTH CENTRE,"21B NEWAL ROAD, BALLYMONEY",BT53 6HB,Northern,12922
346,Dr. WALLACE & PARTNERS              ,LODGE HEALTH,20 LODGE MANOR,COLERAINE,BT52 1JX,Northern,9851
349,Dr. STERNE & PARTNERS               ,THE COUNTRY MEDICAL PRACTICE,122 BALLINLEA ROAD,"ARMOY, BALLYMONEY",BT53 8TY,Northern,6173
350,Dr. JONES & PARTNERS                ,BUSHMILLS MEDICAL CENTRE,6 PRIESTLAND ROAD,BUSHMILLS,BT57 8QP,Northern,3067
351,Dr. BAILIE & PARTNERS               ,PORTRUSH MEDICAL CENTRE,17 DUNLUCE AVENUE,PORTRUSH,BT56 8DW,Northern,7508
352,Dr. CONNOR & PARTNERS               ,GARVAGH HEALTH CENTRE,110 MAIN STREET,"GARVAGH, COLERAINE",BT51 5AE,Northern,6157
354,Dr. HARLEY & PARTNERS               ,PORTSTEWART FAMILY PRACTICE,6 LEVER ROAD,PORTSTEWART,BT55 7EF,Northern,3416
355,Dr. MCCORMACK & PARTNERS            ,KILREA HEALTH CENTRE,36 GARVAGH ROAD,"KILREA, COLERAINE",BT51 5QP,Northern,6840
356,Dr. BONNAR & PARTNERS               ,MOUNTSANDEL SURGERY,4 MOUNTSANDEL ROAD,COLERAINE,BT52 1JB,Northern,11339
357,Dr. MCSPARRAN & PARTNERS            ,GLENS OF ANTRIM MEDICAL CENTRE,2 GORTACLEE ROAD,"CUSHENDALL, BALLYMENA",BT44 0TE,Northern,6384
358,Dr. WHITE                           ,LIFFOCK SURGERY,69 SEA ROAD,"CASTLEROCK, COLERAINE",BT51 4TW,Northern,2821
360,Dr. HENDERSON & PARTNERS            ,RASHARKIN HEALTH CENTRE,10 MONEYLECK ROAD,"RASHARKIN, BALLYMENA",BT44 8QB,Northern,4467
361,Dr. FANNIN & PARTNERS               ,"Drs FANNIN, HUTCHINSON & BOYD",BALLYMONEY HEALTH CENTRE,ROBINSON MEMORIAL HOSPITAL,BT53 6HH,Northern,5448
366,Dr. MCLISTER & PARTNERS             ,DALRIADA FAMILY PRACTICE,BALLYCASTLE HEALTH CENTRE,1A COLERAINE ROAD,BT54 6BA,Northern,4188
367,Dr. MCCURDY & PARTNERS              ,THE FROCESS MEDICAL CENTRE,56 MAIN STREET,"CLOUGHMILLS, BALLYMENA",BT44 9LF,Northern,4980
368,Dr. HEGARTY & PARTNERS              ,BALLYCASTLE MEDICAL PRACTICE,BALLYCASTLE HEALTH CENTRE,1A COLERAINE ROAD,BT54 6BA,Northern,4872
369,Dr. TOPPING & PARTNERS              ,PORTSTEWART MEDICAL CENTRE,32 MILL ROAD,PORTSTEWART,BT55 7SW,Northern,4242
382,Dr. GORMAN & PARTNERS               ,MEADOWBRIDGE SURGERY,SLAUGHTERFORD ROAD,"WHITEHEAD, CARRICKFERGUS",BT38 9TG,Northern,9093
385,Dr. KERNOHAN & PARTNERS             ,OLD SCHOOL SURGERY,54 STATION ROAD,"GREENISLAND, CARRICKFERGUS",BT38 8TP,Northern,11189
387,Dr. BAIRD & PARTNERS                ,SCOTCH QUARTER PRACTICE,CARRICKFERGUS HEALTH CENTRE,TAYLORS AVENUE,BT38 7HT,Northern,7262
388,Dr. KIRK & PARTNERS                 ,INVER SURGERY,MOYLE MEDICAL CENTRE,"OLD GLENARM ROAD, LARNE",BT40 1XH,Northern,5234
389,Dr. MCILROY & PARTNERS              ,CORRAN SURGERY,MOYLE MEDICAL CENTRE,"OLD GLENARM ROAD, LARNE",BT40 1XH,Northern,7925
390,Dr. MCDONALD & PARTNERS             ,CASTLE PRACTICE,CARRICKFERGUS HEALTH CENTRE,TAYLORS AVENUE,BT38 7HT,Northern,14769
391,Dr. FERGUSON & PARTNERS             ,VICTORIA SURGERY - LARNE,MOYLE MEDICAL CENTRE,"OLD GLENARM ROAD, LARNE",BT40 1XH,Northern,5726
393,Dr. BLACK & PARTNER                 ,Drs BLACK & LALSINGH,LARNE HEALTH CENTRE,GLOUCESTER AVENUE,BT40 1PB,Northern,2867
394,Dr. CALDWELL & PARTNERS             ,LARNE FAMILY PRACTICE,LARNE HEALTH CENTRE,GLOUCESTER AVENUE,BT40 1PB,Northern,5282
395,Dr. WILSON & PARTNER                ,ROCKFIELD MEDICAL CENTRE,73 DOURY ROAD,BALLYMENA,BT43 6JD,Northern,4064
396,Dr. VERCOE-ROGERS & PARTNER         ,OLD BANK SURGERY,18 BALLYMONEY ROAD,BALLYMENA,BT43 5BY,Northern,3855
401,Dr. JOHNSTON & PARTNERS             ,MID ULSTER HEALTH CARE C'TOWN,THE HEALTH CENTRE,52 ORRITOR ROAD,BT80 8BN,Northern,6663
402,Dr. WHITE & PARTNERS                ,DRAPERSTOWN SURGERY,6 TOBERMORE ROAD,"DRAPERSTOWN, MAGHERAFELT",BT45 7AG,Northern,8676
404,Dr. DALZELL & PARTNERS              ,COAGH MEDICAL CENTRE,67 URBAL ROAD,COAGH,BT80 0DP,Northern,5519
405,Dr. MCKEEVER & PARTNERS             ,LOY MEDICAL CENTRE,8 LOY STREET,COOKSTOWN,BT80 8PE,Northern,5871
406,Dr. WALLS & PARTNERS                ,GARDEN STREET SURGERY,29 GARDEN STREET,MAGHERAFELT,BT45 5DD,Northern,9718
407,Dr. BROWN & PARTNERS                ,OAKS FAMILY PRACTICE CENTRE,48 ORRITOR ROAD,COOKSTOWN,BT80 8BH,Northern,7966
409,Dr. FITZSIMONS & PARTNERS           ,STEWARTSTOWN HEALTH CENTRE,50 HILLHEAD,"STEWARTSTOWN, DUNGANNON",BT71 5HY,Northern,5989
410,Dr. SHAW & PARTNERS                 ,MAGHERA MEDICAL CENTRE,25 CHURCH STREET,MAGHERA,BT46 5EA,Northern,8615
412,Dr. MORRIS & PARTNERS               ,THE DIAMOND MEDICAL CENTRE,MARKET SQUARE,MAGHERAFELT,BT45 6ED,Northern,8914
413,Dr. GRAHAM                          ,DR GRAHAM'S SURGERY,LOY BUILDINGS,18 LOY STREET,BT80 8PE,Northern,2612
417,Dr. HINDS & PARTNERS                ,CASTLEDAWSON SURGERY,STATION ROAD,"CASTLEDAWSON, MAGHERAFELT",BT45 8AZ,Northern,7518
419,Dr. HUNTER                          ,FAIR HILL SURGERY,FAIR HILL HEALTH CENTRE,1 FAIRHILL ROAD,BT45 6BL,Northern,2072
420,Dr. HEARNSHAW & PARTNERS            ,MONEYMORE MEDICAL PRACTICE,1 FAIRHILL,MONEYMORE,BT45 7LJ,Northern,6054
431,Dr. MEENAN & PARTNERS               ,WHITEHOUSE MEDICAL GROUP PRAC,"UNIT 29A, 1ST FLR ABBEYCENTRE",LONGWOOD ROAD,BT37 9UH,Northern,9660
433,Dr. RAFFERTY & PARTNERS             ,BALLYCLARE GROUP PRACTICE,BALLYCLARE HEALTH CENTRE,GEORGE AVENUE,BT39 9HL,Northern,15170
434,Dr. HENDRON & PARTNERS              ,ABBOTS CROSS MEDICAL PRACTICE,92 DOAGH ROAD,NEWTOWNABBEY,BT37 9QW,Northern,8459
438,Dr. FINNEGAN & PARTNERS             ,TRAMWAYS MEDICAL CENTRE,FARMLEY ROAD,NEWTOWNABBEY,BT36 7XX,Northern,10264
440,Dr. DORAN & PARTNERS                ,NOTTING HILL MEDICAL PRACTICE,95 DOAGH ROAD,NEWTOWNABBEY,BT37 9QN,Northern,10125
451,Dr. CLARKE & PARTNERS               ,THE LAKES FAMILY PRACTICE,BROWNLOW HEALTH CENTRE,1 LEGAHORY CENTRE,BT65 5BE,Southern,6589
453,Dr. MCCLOSKEY & PARTNERS            ,Dr. MCCLOSKEY & PARTNERS,BANBRIDGE GROUP SURGERY,1 OLD HOSPITAL ROAD,BT32 3GN,Southern,4412
454,Dr. HUEY & PARTNERS                 ,"Drs CUPPLES, HUEY & McCREEDY",THE SURGERY,11 MAIN STREET,BT32 3NQ,Southern,8815
455,Dr. MAGOWAN & PARTNERS              ,GILFORD HEALTH CENTRE,CASTLEVIEW,"GILFORD, CRAIGAVON",BT63 6JS,Southern,6022
457,Dr. DE ALWIS & PARTNERS             ,WYNNE HILL SURGERY,51 HILL STREET,"LURGAN, CRAIGAVON",BT66 6BW,Southern,11034
458,Dr. TROUGHTON & PARTNERS            ,WATERSIDE MEDICAL PRACTICE,PORTADOWN HEALTH&CARE CENTRE,TAVANAGH AVENUE,BT62 3BU,Southern,5022
460,Dr. HUNTER & PARTNER                ,DONAGHCLONEY SURGERY,60A MAIN STREET,DONAGHCLONEY,BT66 7LR,Southern,4553
461,Dr. CLARKE & PARTNERS               ,MEADOWS FAMILY PRACTICE,THE HEALTH CENTRE,TAVANAGH AVENUE,BT62 3BU,Southern,4271
462,Dr. FITZPATRICK & PARTNERS          ,HIGH STREET SURGERY,60 HIGH STREET,LURGAN,BT66 8BA,Southern,10091
463,Dr. PATTERSON & PARTNERS            ,LURGAN MEDICAL PRACTICE,7 MOORES LANE,"LURGAN, CRAIGAVON",BT66 8DW,Southern,5100
464,Dr. O'CONNOR & PARTNERS             ,ANNAGH FAMILY PRACTICE,PORTADOWN H & C CENTRE,TAVANAGH AVENUE,BT62 3BU,Southern,4963
465,Dr. THOMPSON & PARTNERS             ,CHURCH WALK SURGERY,28 CHURCH WALK,NULL,BT67 9AA,Southern,8876
467,Dr. MCAULEY & PARTNERS              ,WILLIAM STREET SURGERY,87/89 WILLIAM STREET,NULL,BT66 6JB,Southern,5551
469,Dr. AULD & PARTNERS                 ,Dr. MCCANDLESS & PARTNERS,BANBRIDGE GROUP SURGERY,1 OLD HOSPITAL ROAD,BT32 3GN,Southern,9128
470,Dr. SHARPE & PARTNERS               ,RIVERSIDE PRACTICE,PORTADOWN HEALTH&CARE CENTRE,TAVANAGH AVENUE,BT62 3BU,Southern,13814
471,Dr. MCNIFF & PARTNERS               ,Dr. MCNIFF & PARTNERS,BANBRIDGE GROUP SURGERY,1 OLD HOSPITAL ROAD,BT32 3GN,Southern,8150
472,Dr. MULLAN & PARTNER                ,SCARVA STREET SURGERY,60 SCARVA STREET,"LOUGHBRICKLAND, BANBRIDGE",BT32 3NH,Southern,3346
473,Dr. DAVIS & PARTNERS                ,MOIRA SURGERY,52 MAIN STREET,MOIRA,BT67 0LQ,South Eastern,10309
474,Dr. BEATTY & PARTNERS               ,DROMORE DOCTORS SURGERY,SKEAGH HOUSE,15 BANBRIDGE ROAD,BT25 1NB,Southern,8331
475,Dr. WILSON & PARTNERS               ,AGHALEE SURGERY,8a LURGAN ROAD,AGHALEE,BT67 0DD,South Eastern,5915
476,Dr. LUTTON & PARTNERS               ,BALLYWARD SURGERY,32 STATION ROAD,BALLYWARD,BT31 9TU,Southern,2790
477,Dr. WILLIAMSON & PARTNERS           ,ORCHARD FAMILY PRACTICE,PORTADOWN HEALTH&CARE CENTRE,TAVANAGH AVE,BT62 3BU,Southern,5200
478,Dr. MARTIN & PARTNERS               ,BEECHWOOD FAMILY PRACTICE,PORTADOWN H & C CENTRE,TAVANAGH AVENUE,BT62 3BU,Southern,4773
479,Dr. BURNETT & PARTNERS              ,DR BURNETT & PARTNERS,PORTADOWN HEALTH&CARE CENTRE,TAVANAGH AVENUE,BT62 3BU,Southern,9838
482,Dr. MCCLOSKEY & PARTNERS            ,THE OLD SCHOOL HOUSE SURGERY,1 ANTRIM ROAD,"LURGAN, CRAIGAVON",BT67 9BW,Southern,5658
491,Dr. MARSHALL & PARTNERS             ,ABBEY COURT SURGERY,DOBBIN LANE,NULL,BT61 7QG,Southern,8217
493,Dr. JOHNSTON & PARTNERS             ,MID ULSTER HEALTH CARE (DUN),SOUTH TYRONE HOSPITAL,CARLAND ROAD,BT71 4AU,Southern,8786
494,Dr. ELLIOTT & PARTNER               ,THE VALLEY MEDICAL PRACTICE,20 COONEEN ROAD,NULL,BT75 0ND,Southern,4312
495,Dr. CARSON & PARTNERS               ,CAMPBELL SURGERY,10 QUARRY LANE,NULL,BT70 1HX,Southern,11227
497,Dr. MCCOLLUM & PARTNERS             ,WILLOWBANK SURGERY,WILLOWBANK,KEADY,BT60 3RL,Southern,9538
498,Dr. MCSHANE & PARTNERS              ,MOY HC - DR MCSHANE & PARTNERS,MOY HEALTH CENTRE,CHARLEMONT STREET,BT71 7SL,Southern,3929
499,Dr. POTTER & PARTNERS               ,ERRIGAL MEDICAL CENTRE,OLD DUNGANNON ROAD,"BALLYGAWLEY,DUNGANNON",BT70 2EY,Southern,4658
500,Dr. HERRON & PARTNER                ,GARVIN SURGERY,22 BARRACK STREET,COALISLAND,BT71 4LS,Southern,2522
501,Dr. MCCONVILLE & PARTNER            ,MOY HC-DR MCCONVILLE & PARTNER,MOY MEDICAL PRACTICE,CHARLEMONT STREET,BT71 7SL,Southern,2808
502,Dr. CARLILE & PARTNERS              ,TYNAN SURGERY,15 DARTAN REE,TYNAN,BT60 4QT,Southern,6153
503,Dr. WEBSTER & PARTNERS              ,MARKETHILL HEALTH CENTRE,NEWRY STREET,"MARKETHILL, ARMAGH",BT60 1TA,Southern,6621
504,Dr. CLEARY & PARTNER                ,MOY HC - DR CLEARY & PARTNER,MOY MEDICAL CENTRE,CHARLEMONT STREET,BT71 7SL,Southern,3742
505,Dr. GARLAND & PARTNERS              ,PARKVIEW SURGERY,"SOUTH TYRONE HOSPITAL SITE,","CARLAND ROAD,",BT71 4AU,Southern,9202
506,Dr. POTTER                          ,AUGHNACLOY HEALTH CENTRE,2 SYDNEY LANE,AUGHNACLOY,BT69 6AF,Southern,5153
507,Dr. WATTERS                         ,THE HEALTH CENTRE KEADY,24A TASSAGH ROAD,KEADY,BT60 3TU,Southern,2696
508,Dr. PICKERING                       ,TANDRAGEE MEDICAL CENTRE,3 MONTAGUE STREET,"TANDRAGEE, CRAIGAVON",BT62 2AN,Southern,3743
509,Dr. MCKAY & PARTNERS                ,ARDMORE MEDICAL PRACTICE,57 THOMAS STREET,DUNGANNON,BT70 1HW,Southern,6914
512,Dr. O'DONNELL & PARTNER             ,COALISLAND MEDICAL CENTRE,15 BARRACK STREET,"COALISLAND, DUNGANNON",BT71 4LS,Southern,4451
514,Dr. GARVIN & PARTNERS               ,THE ARCHWAY SURGERY,DOBBIN LANE,ARMAGH,BT61 7QG,Southern,8572
515,Dr. QUINN & PARTNERS                ,RICHHILL HEALTH CENTRE,"6 GREENVIEW, MAYNOOTH ROAD","RICHHILL, ARMAGH",BT61 9PD,Southern,5472
516,Dr. O'HAGAN & PARTNERS              ,THE FRIARY SURGERY,DOBBIN LANE,ARMAGH,BT61 7QG,Southern,9030
519,Dr. MITCHEL & PARTNER               ,COALISLAND HEALTH CENTRE,10A LINESIDE,"COALISLAND, DUNGANNON",BT71 4LP,Southern,4154
526,Dr. MAGENNIS & PARTNERS             ,DRS MULLIGAN & MAGENNIS,CORNMARKET SURGERY,NEWRY HEALTH VILLAGE,BT35 6BW,Southern,4921
528,Dr. FEE                             ,THE HEALTH CENTRE,MCCORMICK PLACE,"CROSSMAGLEN, NEWRY",BT35 9HD,Southern,4783
529,Dr. FLOOD & PARTNERS                ,DRS MULVANNEY & FLOOD,CORNMARKET SURGERY,NEWRY HEALTH VILLAGE,BT35 6BW,Southern,6831
530,Dr. MEGAW & PARTNER                 ,MEGAW & IRWIN PRACTICE,RATHFRILAND HEALTH CENTRE,JOHN STREET,BT34 5QH,Southern,3117
531,Dr. ALLEN & PARTNER                 ,THE OLD FORGE SURGERY,14 KILKEEL ROAD,ANNALONG,BT34 4TH,Southern,4427
532,Dr. JADCZAK & PARTNERS              ,KILKEEL MEDICAL PRACTICE,GREENCASTLE STREET,"KILKEEL, NEWRY",BT34 4BH,Southern,8765
533,Dr. VETTIANKAL                      ,MEIGH SURGERY,5B DRUMINTEE ROAD,"KILLEAVY, NEWRY",BT35 8JT,Southern,3086
534,Dr. KING & PARTNERS                 ,CLANRYE SURGERY,NEWRY HEALTH VILLAGE,"MONAGHAN STREET, NEWRY",BT35 6BW,Southern,9330
535,Dr. WADE & PARTNERS                 ,"WADE,TONER & MCALONAN PRACTICE",RATHFRILAND HEALTH CENTRE,JOHN STREET,BT34 5QH,Southern,4526
536,Dr. BINGHAM & PARTNERS              ,SUMMER HILL SURGERY,WARRENPOINT HEALTH CENTRE,50 GREAT GEORGES STREET,BT34 3HS,Southern,8567
537,Dr. MCVERRY & PARTNERS              ,MCVERRY/MCEVOY MEDICAL CENTRE,NEWRY HEALTH VILLAGE,"MONAGHAN STREET, NEWRY",BT35 6BW,Southern,9645
539,Dr. FORSHAW & PARTNERS              ,CLANRYE SURGERY,NEWRY HEALTH VILLAGE,"MONAGHAN STREET, NEWRY",BT35 6BW,Southern,4467
540,Dr. O'NEILL & PARTNERS              ,MEADOWLANDS SURGERY,MONAGHAN STREET,NEWRY,BT35 6BW,Southern,7116
542,Dr. LAMBE & PARTNERS                ,NEWTOWNHAMILTON SURGERY,53 DUNDALK STREET,NEWTOWNHAMILTON,BT35 0PB,Southern,4120
543,Dr. MURPHY & PARTNERS               ,THE HEALTH CENTRE,SUMMERHILL,"WARRENPOINT, NEWRY",BT34 3JD,Southern,5072
544,Dr. MCKINLEY & PARTNERS             ,DR MCKINLEY & PARTNERS,CORNMARKET SURGERY,NEWRY HEALTH VILLAGE,BT35 6BW,Southern,7365
545,Dr. MAGUIRE                         ,MAPHONER SURGERY,2A FORKHILL ROAD,"MULLAGHBAWN, NEWRY",BT35 9RA,Southern,5383
546,Dr. MCKERNAN & PARTNER              ,BESSBROOK SURGERY,7A CONVENT HILL,"BESSBROOK, NEWRY",BT35 7AW,Southern,2477
547,Dr. SHANNON & PARTNER               ,SHANNON PRACTICE,RATHFRILAND MEDICAL CENTRE,JOHN STREET,BT34 5QH,Southern,3771
549,Dr. MULHOLLAND & PARTNERS           ,NEWTOWNHAMILTON HEALTH CENTRE,2A MARKETHILL ROAD,"NEWTOWNHAMILTON, NEWRY",BT35 0BE,Southern,4579
551,Dr. ALLEN & PARTNER                 ,RATHKEELAND HOUSE,1 BLANEY ROAD,"CROSSMAGLEN, NEWRY",BT35 9JJ,Southern,4250
553,Dr. BONNER & PARTNER                ,MARINA SURGERY,15 HAVELOCK PLACE,"WARRENPOINT, NEWRY",BT34 3NE,Southern,2259
554,Dr. POOTS & PARTNERS                ,MOURNE FAMILY SURGERY,"MOURNE HOSPITAL, NEWRY STREET","KILKEEL,NEWRY",BT34 4DN,Southern,4893
557,Dr. PATTERSON & PARTNERS            ,Arbor Family Practice,Brownlow Health Centre,"1 LEGAHORY CENTRE, LEGAHORY,",BT65 5BE,Southern,3149
562,Dr. MAGUIRE & PARTNERS              ,DRS TOAL & MAGUIRE,ERNE HEALTH CENTRE,ERNE ROAD,BT74 6NN,Western,4322
563,Dr. MULLIGAN & PARTNER              ,DEVENISH PRACTICE,ERNE HEALTH CENTRE,ERNE ROAD,BT74 6NN,Western,4062
564,Dr. MEADE & PARTNERS                ,LAKESIDE MEDICAL PRACTICE,ERNE HEALTH CENTRE,ERNE ROAD,BT74 6NN,Western,7198
566,Dr. HAIGNEY & PARTNERS              ,IRVINESTOWN HEALTH CENTRE,CHURCH STREET,IRVINESTOWN,BT94 1EH,Western,7593
568,Dr. MALLON & PARTNER                ,DRS MALLON & MCCONVILLE,LAKELAND HEALTH VILLAGE,ERNE ROAD HEALTH CENTRE,BT74 6NN,Western,3024
571,Dr. CATHCART & PARTNERS             ,DR CATHCART & PARTNERS,ERNE ROAD HEALTH CENTRE,ERNE ROAD,BT74 6NN,Western,7471
574,Dr. PORTEOUS & PARTNERS             ,MAPLE HEALTHCARE,LISNASKEA HEALTH CENTRE,44 DRUMHAW PARK,BT92 0FP,Western,14132
576,Dr. HERDMAN & PARTNERS              ,RATHMORE CLINIC,9 MAIN STREET,RATHMORE,BT93 3FY,Western,3912
584,Dr. CROMIE & PARTNERS               ,BROOKEBOROUGH & TEMPO PCS,9 TANYARD LANE,"BROOKEBOROUGH, ENNISKILLEN",BT94 4JG,Western,7721
585,Dr. CUNNINGHAM & PARTNERS           ,CUILCAGH MEDICAL PRACTICE,DRUMLAGHY,FLORENCECOURT,BT92 1BZ,Western,8277
596,Dr. COSGROVE & PARTNERS             ,CITYVIEW MEDICAL,WATERSIDE HEALTH CENTRE,127 SPENCER ROAD,BT47 6AH,Western,10210
597,Dr. OLLERENSHAW & PARTNERS          ,BOVALLY MEDICAL PRACTIE,2 ROSSAIR ROAD,LIMAVADY,BT49 0TE,Western,6081
598,Dr. DURAND & PARTNERS               ,QUAYSIDE MEDICAL PRACTICE,80 - 84 STRAND ROAD,LONDONDERRY,BT48 7NN,Western,11913
599,Dr. O'DONNELL & PARTNERS            ,PARK MEDICAL,THE HEALTH CENTRE,GREAT JAMES STREET,BT48 7DH,Western,8576
600,Dr. GALLAGHER & PARTNERS            ,CLAUDY HEALTH CENTRE,38a IRWIN CRESCENT,CLAUDY,BT47 4AB,Western,5028
601,Dr. ROBINSON & PARTNERS             ,MOURNESIDE MEDICAL CENTRE,1A BALLYCOLMAN AVENUE,STRABANE,BT82 9AF,Western,10682
602,Dr. DOOHAN & PARTNERS               ,OAKLEAF MEDICAL PRACTICE,GREAT JAMES STREET,LONDONDERRY,BT48 7DH,Western,10888
603,Dr. KNOX & PARTNER                  ,FEENY MEDICAL PRATICE,THE HEALTH CENTRE,FEENY,BT47 4TD,Western,6209
604,Dr. O'KELLY & PARTNERS              ,ABERFOYLE MEDICAL PRACTICE,120 STRAND ROAD,LONDONDERRY,BT48 7NY,Western,11289
605,Dr. FULLERTON & PARTNER             ,DONEMANA SURGERY,256 BERRYHILL ROAD,DONEMANA,BT82 0NB,Western,4352
606,Dr. BANKHEAD & PARTNERS             ,BRIDGE STREET MEDICAL CENTRE,BRIDGE STREET,LONDONDERRY,BT48 6LD,Western,4790
608,Dr. BLACK & PARTNERS                ,ABBEY MEDICAL PRACTICE,ABBEY STREET,LONDONDERRY,BT48 9DN,Western,6845
609,Dr. PRATT & PARTNERS                ,ROSSAIR FAMILY PRACTICE,BOVALLY MEDICAL CENTRE,2 ROSSAIR ROAD,BT49 0TE,Western,6435
610,Dr. O'FLAHERTY & PARTNERS           ,"RIVERSIDE PRACTICE, STRABANE",STRABANE HEALTH CENTRE,UPPER MAIN STREET,BT82 8AS,Western,7890
614,Dr. KYLE & PARTNERS                 ,DUNGIVEN FAMILY PRACTICE,DUNGIVEN HEALTH CENTRE,1 CHAPEL ROAD,BT47 4RS,Western,3667
615,Dr. LALSINGH & PARTNERS             ,CLARENDON MEDICAL,35 NORTHLAND AVENUE,LONDONDERRY,BT48 7GW,Western,11211
616,Dr. GREENE & PARTNERS               ,WESTERN RURAL HEALTHCARE,CASTLEDERG GROUP SURGERY,13A LOWER STRABANE ROAD,BT81 7AZ,Western,16093
618,Dr. DOHERTY & PARTNER               ,CLARENDON STREET SURGERY,49 CLARENDON STREET,LONDONDERRY,BT48 7ER,Western,2797
619,Dr. QUINN & PARTNER                 ,DRS QUINN & BROLLY PRACTICE,SCROGGY ROAD HEALTH CENTRE,SCROGGY ROAD,BT49 0NA,Western,5883
620,Dr. ETHERSON & PARTNERS             ,"FAMILY PRACTICE, STRABANE",STRABANE HEALTH CENTRE,1A UPPER MAIN STREET,BT82 8AS,Western,6609
621,Dr. DEANE & PARTNER                 ,NORTHSIDE MEDICAL PRACTICE,SHANTALLOW HEALTH CENTRE,RACECOURSE ROAD,BT48 8NL,Western,3602
622,Dr. DEVLIN & PARTNERS               ,RACECOURSE MEDICAL GROUP,SHANTALLOW HEALTH CENTRE,RACECOURSE ROAD,BT48 8NL,Western,4841
623,Dr. ORR & PARTNERS                  ,FOYLESIDE FAMILY PRACTICE,BRIDGE STREET MEDICAL CENTRE,30 BRIDGE STREET,BT48 6LD,Western,5931
624,Dr. O'FLAHERTY & PARTNERS           ,"GLENDERMOTT MEDICAL,",WATERSIDE HEALTH CENTRE,127 SPENCER ROAD,BT47 6AH,Western,8110
625,Dr. MCEVOY & PARTNERS               ,BAYVIEW MEDICAL PRACTICE,RATH MOR CENTRE,BLIGH'S LANE,BT48 0LZ,Western,4092
626,Dr. DOLAN & PARTNERS                ,RIVERFRONT MEDICAL,WATERSIDE HEALTH CENTRE,127 SPENCER ROAD,BT47 6AH,Western,8589
627,Dr. PATTERSON & PARTNERS            ,EGLINTON MEDICAL PRACTICE,29 MAIN STREET,EGLINTON,BT47 3AB,Western,7977
629,Dr. THOMASIUS & PARTNERS            ,ROE FAMILY PRACTICE,LIMAVADY HEALTH CENTRE,SCROGGY ROAD,BT49 0NA,Western,6923
651,Dr. SWEENEY & PARTNERS              ,FINTONA MEDICAL CENTRE,33 DROMORE ROAD,FINTONA,BT78 2BB,Western,6924
652,Dr. RITCHIE & PARTNER               ,DRUMQUIN SURGERY  DR RICHIE,2H MAIN STREET,DRUMQUIN,BT78 4SB,Western,1937
654,Dr. QUINN & PARTNERS                ,GRANGE FAMILY PRACTICE,OMAGH HOSPITAL AND PCC,7 DONAGHANIE ROAD,BT79 0NR,Western,6869
655,Dr. SCULLY                          ,DRUMQUIN HEALTHCARE,23 OMAGH ROAD,NULL,BT78 4QY,Western,1500
657,Dr. O'NEILL & PARTNERS              ,THREE SPIRES SURGERY,7 DONAGHANIE ROAD,OMAGH,BT79 0NR,Western,10225
660,Dr. CORRY & PARTNERS                ,CARRICKMORE HEALTH CENTRE,TERMON ROAD,NULL,BT79 9JR,Western,9511
661,Dr. MORGAN                          ,DROMORE SURGERY,16 CAMDERRY ROAD,NULL,BT78 3AU,Western,5358
662,Dr. GORMLEY & PARTNERS              ,DRUMRAGH FAMILY PRACTICE,OMAGH HOSPITAL AND PCC,7 DONAGHANIE ROAD,BT79 0NR,Western,10972
663,Dr. DEEHAN & PARTNER                ,STRULE MEDICAL,OMAGH HOSPITAL AND PCC,DONAGHANIE ROAD,BT79 0NR,Western,3312
664,Dr. MCAULEY & PARTNER               ,SPERRIN FAMILY PRACTICE,41 MAIN STREET,NULL,BT79 8DL,Western,3411
